Rk,Player,Age,Team,Pos,G,GS,MP,FG,FGA,FG%,3P,3PA,3P%,2P,2PA,2P%,eFG%,FT,FTA,FT%,ORB,DRB,TRB,AST,STL,BLK,TOV,PF,PTS,Salary,,Player2,Salary1,,,
1,Joel Embiid,29,PHI,C,39,39,33.6,11.5,21.8,0.529,1.4,3.6,0.388,10.2,18.3,0.556,0.561,10.2,11.6,0.883,2.4,8.6,11,5.6,1.2,1.7,3.8,2.9,34.7,51415938.00,,Stephen Curry,55761217.00,,,
2,Luka Dončić,24,DAL,PG,70,70,37.5,11.5,23.6,0.487,4.1,10.6,0.382,7.4,13,0.573,0.573,6.8,8.7,0.786,0.8,8.4,9.2,9.8,1.4,0.5,4,2.1,33.9,43031940.00,,Nikola Jokic,"$51,415,938 ",,,
3,Giannis Antetokounmpo,29,MIL,PF,73,73,35.2,11.5,18.8,0.611,0.5,1.7,0.274,11,17.1,0.645,0.624,7,10.7,0.657,2.7,8.8,11.5,6.5,1.2,1.1,3.4,2.9,30.4,48787676.00,,Joel Embiid,"$51,415,938 ",,,
4,Shai Gilgeous-Alexander,25,OKC,PG,75,75,34,10.6,19.8,0.535,1.3,3.6,0.353,9.3,16.2,0.576,0.567,7.6,8.7,0.874,0.9,4.7,5.5,6.2,2,0.9,2.2,2.5,30.1,35859950.00,,Kevin Durant,"$51,179,020 ",,,
5,Jalen Brunson,27,NYK,PG,77,77,35.4,10.3,21.4,0.479,2.7,6.8,0.401,7.5,14.6,0.516,0.543,5.5,6.5,0.847,0.6,3.1,3.6,6.7,0.9,0.2,2.4,1.9,28.7,24960001.00,,Bradley Beal,"$50,203,930 ",,,
6,Devin Booker,27,PHO,PG,68,68,36,9.4,19.2,0.492,2.2,6.1,0.364,7.2,13,0.552,0.55,6,6.7,0.886,0.8,3.7,4.5,6.9,0.9,0.4,2.6,3,27.1,49205800.00,,Jaylen Brown,"$49,205,800 ",,,
7,Kevin Durant,35,PHO,PF,75,75,37.2,10,19.1,0.523,2.2,5.4,0.413,7.8,13.7,0.567,0.581,4.8,5.6,0.856,0.5,6.1,6.6,5,0.9,1.2,3.3,1.8,27.1,51179020.00,,Karl-Anthony Towns,"$49,205,800 ",,,
8,Jayson Tatum,25,BOS,PF,74,74,35.7,9.1,19.3,0.471,3.1,8.2,0.376,6,11,0.542,0.552,5.6,6.7,0.833,0.9,7.2,8.1,4.9,1,0.6,2.5,2,26.9,34848340.00,,Devin Booker,"$49,205,800 ",,,
9,De'Aaron Fox,26,SAC,PG,74,74,35.9,9.7,20.9,0.465,2.9,7.8,0.369,6.8,13.1,0.522,0.534,4.2,5.7,0.738,0.9,3.7,4.6,5.6,2,0.4,2.6,2.6,26.6,34848340.00,,Paul George,"$49,205,800 ",,,
10,Donovan Mitchell,27,CLE,SG,55,55,35.3,9.1,19.8,0.462,3.3,9,0.368,5.8,10.8,0.539,0.545,5,5.8,0.865,0.8,4.3,5.1,6.1,1.8,0.5,2.8,2.1,26.6,35410310.00,,Kawhi Leonard,"$49,205,800 ",,,
11,Stephen Curry,35,GSW,PG,74,74,32.7,8.8,19.5,0.45,4.8,11.8,0.408,4,7.7,0.515,0.573,4,4.4,0.923,0.5,4,4.5,5.1,0.7,0.4,2.8,1.6,26.4,55761217.00,,Jimmy Butler,"$48,798,677 ",,,
12,Nikola Jokić,28,DEN,C,79,79,34.6,10.4,17.9,0.583,1.1,2.9,0.359,9.4,14.9,0.626,0.612,4.5,5.5,0.817,2.8,9.5,12.4,9,1.4,0.9,3,2.5,26.4,51415938.00,,Damian Lillard,"$48,787,676 ",,,
13,Anthony Edwards,22,MIN,SG,79,78,35.1,9.1,19.7,0.461,2.4,6.7,0.357,6.7,13,0.515,0.522,5.4,6.4,0.836,0.7,4.8,5.4,5.1,1.3,0.5,3.1,1.8,25.9,42176400.00,,Giannis Antetokounmpo,"$48,787,676 ",,,
14,Tyrese Maxey,23,PHI,PG,70,70,37.5,9.1,20.3,0.45,3,8.1,0.373,6.1,12.1,0.501,0.524,4.7,5.4,0.868,0.5,3.2,3.7,6.2,1,0.5,1.7,2.2,25.9,35147000.00,,LeBron James,"$48,728,845 ",,,
15,LeBron James,39,LAL,PF,71,71,35.3,9.6,17.9,0.54,2.1,5.1,0.41,7.5,12.8,0.592,0.599,4.3,5.7,0.75,0.9,6.4,7.3,8.3,1.3,0.5,3.5,1.1,25.7,48728845.00,,Zach LaVine,"$44,531,940 ",,,
16,Trae Young,25,ATL,PG,54,54,36,8,18.7,0.43,3.2,8.7,0.373,4.8,10,0.479,0.516,6.4,7.5,0.855,0.4,2.3,2.8,10.8,1.3,0.2,4.4,2,25.7,43031940.00,,Rudy Gobert,"$43,827,586 ",,,
17,Kyrie Irving,31,DAL,SG,58,58,35,9.7,19.5,0.497,3,7.3,0.411,6.7,12.2,0.548,0.573,3.3,3.6,0.905,0.8,4.2,5,5.2,1.3,0.5,1.8,1.9,25.6,41000000.00,,Anthony Davis,"$43,219,440 ",,,
18,Ja Morant,24,MEM,PG,9,9,35.3,8.9,18.9,0.471,1.6,5.7,0.275,7.3,13.2,0.555,0.512,5.8,7.1,0.813,0.7,4.9,5.6,8.1,0.8,0.6,3,2.1,25.1,36725670.00,,Trae Young,"$43,031,940 ",,,
19,Anthony Davis,30,LAL,C,76,76,35.5,9.4,16.9,0.556,0.4,1.4,0.271,9,15.5,0.582,0.567,5.5,6.8,0.816,3.1,9.5,12.6,3.5,1.2,2.3,2.1,2.3,24.7,43219440.00,,Luka Doncic,"$43,031,940 ",,,
20,Damian Lillard,33,MIL,PG,73,73,35.3,7.4,17.5,0.424,3,8.5,0.354,4.4,9,0.49,0.51,6.5,7,0.92,0.5,3.9,4.4,7,1,0.2,2.6,1.8,24.3,48787676.00,,Fred VanVleet,"$42,846,615 ",,,
21,DeMar DeRozan,34,CHI,SF,79,79,37.8,8.2,17.2,0.48,0.9,2.8,0.333,7.3,14.3,0.509,0.507,6.6,7.7,0.853,0.5,3.8,4.3,5.3,1.1,0.6,1.7,2,24,23400000.00,,Lauri Markkanen,"$42,176,400 ",,,
22,Julius Randle,29,NYK,PF,46,46,35.4,8.6,18.2,0.472,1.7,5.3,0.311,6.9,12.9,0.539,0.518,5.1,6.6,0.781,2.2,7,9.2,5,0.5,0.3,3.5,2.7,24,31695840.00,,Tyrese Haliburton,"$42,176,400 ",,,
23,LaMelo Ball,22,CHO,PG,22,22,32.3,8.3,19.2,0.433,3.2,9,0.355,5.1,10.3,0.5,0.515,4.1,4.7,0.865,1.3,3.8,5.1,8,1.8,0.2,3.8,3.6,23.9,35147000.00,,Pascal Siakam,"$42,176,400 ",,,
24,Desmond Bane,25,MEM,SG,42,42,34.4,8.6,18.5,0.464,3.3,8.6,0.381,5.3,9.9,0.536,0.552,3.3,3.8,0.87,0.9,3.5,4.4,5.5,1,0.5,2.7,2.9,23.7,34005250.00,,Anthony Edwards,"$42,176,400 ",,,
25,Kawhi Leonard,32,LAC,SF,68,68,34.3,9,17.1,0.525,2.1,4.9,0.417,6.9,12.1,0.569,0.585,3.7,4.2,0.885,1.2,4.9,6.1,3.6,1.6,0.9,1.8,1.4,23.7,49205800.00,,Kyrie Irving,"$41,000,000 ",,,
26,Lauri Markkanen,26,UTA,PF,55,55,33.1,7.8,16.2,0.48,3.2,8,0.399,4.6,8.2,0.559,0.578,4.5,5,0.899,2.2,5.9,8.2,2,0.9,0.5,1.4,1.8,23.2,42176400.00,,Domantas Sabonis,"$40,500,000 ",,,
27,Jaylen Brown,27,BOS,SF,70,70,33.5,9,17.9,0.499,2.1,5.9,0.354,6.9,12.1,0.57,0.557,3,4.3,0.703,1.2,4.3,5.5,3.6,1.2,0.5,2.4,2.6,23,49205800.00,,Ben Simmons,"$40,338,144 ",,,
28,Zion Williamson,23,NOP,PF,70,70,31.5,8.9,15.6,0.57,0.1,0.3,0.333,8.8,15.4,0.574,0.573,5,7.1,0.702,1.7,4.1,5.8,5,1.1,0.7,2.8,2.3,22.9,36725670.00,,Darius Garland,"$36,725,670 ",,,
29,Cade Cunningham,22,DET,PG,62,62,33.5,8.5,18.8,0.449,1.9,5.4,0.355,6.5,13.4,0.487,0.5,3.8,4.4,0.869,0.5,3.8,4.3,7.5,0.9,0.4,3.4,2.5,22.7,13940809.00,,Ja Morant,"$36,725,670 ",,,
30,Paolo Banchero,21,ORL,PF,80,80,35,8,17.6,0.455,1.5,4.4,0.339,6.5,13.2,0.493,0.497,5.1,7,0.725,1,5.9,6.9,5.4,0.9,0.6,3.1,1.9,22.6,12160800.00,,Zion Williamson,"$36,725,670 ",,,
31,Paul George,33,LAC,PF,74,74,33.8,7.9,16.7,0.471,3.3,7.9,0.413,4.6,8.8,0.523,0.569,3.6,3.9,0.907,0.5,4.7,5.2,3.5,1.5,0.5,2.1,2.7,22.6,49205800.00,,OG Anunoby,"$36,637,932 ",,,
32,Anfernee Simons,24,POR,SG,46,46,34.4,7.8,18.2,0.43,3.4,8.8,0.385,4.4,9.4,0.472,0.523,3.5,3.9,0.916,0.5,3.2,3.6,5.5,0.5,0.1,2.7,2.1,22.6,25892857.00,,Jamal Murray,"$36,016,200 ",,,
33,Jaren Jackson Jr.,24,MEM,C,66,66,32.2,7.8,17.6,0.444,1.8,5.5,0.32,6,12.1,0.501,0.494,5.1,6.3,0.808,1.3,4.2,5.5,2.3,1.2,1.6,2.4,3.6,22.5,25257798.00,,Brandon Ingram,"$36,016,200 ",,,
34,Dejounte Murray,27,ATL,SG,78,78,35.7,8.6,18.8,0.459,2.6,7.1,0.363,6,11.7,0.518,0.528,2.7,3.4,0.794,0.8,4.5,5.3,6.4,1.4,0.3,2.6,1.8,22.5,29517134.00,,Michael Porter,"$35,859,950 ",,,
35,Cam Thomas,22,BRK,SG,66,51,31.4,8,18,0.442,2.2,6,0.364,5.8,12,0.481,0.503,4.3,5.1,0.856,0.4,2.8,3.2,2.9,0.7,0.2,1.9,2.1,22.5,4041249.00,,Shai Gilgeous-Alexander,"$35,859,950 ",,,
36,Kyle Kuzma,28,WAS,PF,70,70,32.6,8.7,18.8,0.463,2.2,6.4,0.336,6.5,12.3,0.53,0.521,2.7,3.4,0.775,0.9,5.7,6.6,4.2,0.5,0.7,2.7,2.2,22.2,23856060.00,,Donovan Mitchell,"$35,410,310 ",,,
37,Karl-Anthony Towns,28,MIN,PF,62,62,32.7,7.7,15.3,0.504,2.2,5.3,0.416,5.5,10.1,0.55,0.575,4.1,4.7,0.873,1.5,6.8,8.3,3,0.7,0.7,2.9,3.3,21.8,49205800.00,,LaMelo Ball,"$35,147,000 ",,,
38,Pascal Siakam,29,2TM,PF,80,80,33.2,8.5,15.9,0.536,1.1,3.1,0.346,7.5,12.8,0.581,0.569,3.6,5,0.732,1.7,5.3,7.1,4.3,0.8,0.3,1.8,2.4,21.7,42176400.00,,Tyrese Maxey,"$35,147,000 ",,,
38,Pascal Siakam,29,TOR,PF,39,39,34.7,8.3,16,0.522,1.2,3.7,0.317,7.2,12.3,0.584,0.559,4.3,5.7,0.758,1.4,4.9,6.3,4.9,0.8,0.3,2.1,2.2,22.2,42176400.00,,Jayson Tatum,"$34,848,340 ",,,
38,Pascal Siakam,29,IND,PF,41,41,31.8,8.7,15.8,0.549,1,2.5,0.386,7.7,13.3,0.58,0.579,3,4.2,0.699,2.1,5.7,7.8,3.7,0.8,0.4,1.4,2.6,21.3,42176400.00,,Bam Adebayo,"$34,848,340 ",,,
39,Victor Wembanyama,20,SAS,C,71,71,29.7,7.8,16.7,0.465,1.8,5.5,0.325,6,11.2,0.534,0.519,4.1,5.2,0.796,2.3,8.4,10.6,3.9,1.2,3.6,3.7,2.2,21.4,12768664.00,,De'Aaron Fox,"$34,848,340 ",,,
40,Jamal Murray,26,DEN,PG,59,59,31.5,8,16.7,0.481,2.5,5.8,0.425,5.6,10.9,0.51,0.554,2.7,3.1,0.853,0.7,3.4,4.1,6.5,1,0.7,2.1,1.8,21.2,36016200.00,,Desmond Bane,"$34,005,250 ",,,
41,Alperen Şengün,21,HOU,C,63,63,32.5,8.4,15.6,0.537,0.5,1.8,0.297,7.8,13.8,0.567,0.553,3.9,5.6,0.693,2.9,6.4,9.3,5,1.2,0.7,2.6,3.3,21.1,5424654.00,,Deandre Ayton,"$34,005,126 ",,,
42,Miles Bridges,25,CHO,SF,69,67,37.4,8.1,17.5,0.462,2.3,6.5,0.349,5.8,11,0.529,0.527,2.5,3.1,0.825,1,6.3,7.3,3.3,0.9,0.5,2,1.7,21,27173913.00,,James Harden,"$33,653,846 ",,,
43,Jerami Grant,29,POR,PF,54,54,33.9,7.1,15.7,0.451,2.1,5.1,0.402,5,10.6,0.474,0.516,4.7,5.8,0.817,0.7,2.9,3.5,2.8,0.8,0.6,2.1,2.2,21,29793104.00,,CJ McCollum,"$33,333,333 ",,,
44,Jimmy Butler,34,MIA,PF,60,60,34,6.6,13.2,0.499,1,2.4,0.414,5.6,10.8,0.519,0.537,6.6,7.7,0.858,1.8,3.6,5.3,5,1.3,0.3,1.7,1.1,20.8,48798677.00,,Immanuel Quickley,"$32,500,000 ",,,
45,Tyler Herro,24,MIA,SG,42,40,33.5,7.7,17.5,0.441,3.1,7.9,0.396,4.6,9.6,0.478,0.531,2.3,2.6,0.856,0.5,4.8,5.3,4.5,0.7,0.1,2.2,1.5,20.8,29000000.00,,Julius Randle,"$31,695,840 ",,,
46,Brandon Ingram,26,NOP,SF,64,64,32.9,7.8,15.9,0.492,1.3,3.8,0.355,6.5,12.1,0.534,0.534,3.8,4.8,0.801,0.7,4.4,5.1,5.7,0.8,0.6,2.5,2.3,20.8,36016200.00,,Khris Middleton,"$31,000,000 ",,,
47,RJ Barrett,23,2TM,SG,58,58,31.7,7.5,15.2,0.495,1.6,4.3,0.36,6,10.9,0.549,0.547,3.6,5,0.715,0.9,4.5,5.4,3.3,0.5,0.4,2.2,2.2,20.2,25794643.00,,Jrue Holiday,"$30,000,000 ",,,
47,RJ Barrett,23,NYK,SG,26,26,29.5,6.3,14.9,0.423,1.7,5,0.331,4.7,9.9,0.469,0.478,4,4.8,0.831,0.7,3.5,4.3,2.4,0.5,0.3,1.8,1.7,18.2,25794643.00,,Isaiah Hartenstein,"$30,000,000 ",,,
47,RJ Barrett,23,TOR,SG,32,32,33.5,8.5,15.4,0.553,1.5,3.8,0.392,7,11.6,0.605,0.601,3.3,5.2,0.629,1.1,5.3,6.4,4.1,0.6,0.4,2.5,2.6,21.8,25794643.00,,Jerami Grant,"$29,793,104 ",,,
48,Tyrese Haliburton,23,IND,PG,69,68,32.2,7.2,15.2,0.477,2.8,7.8,0.364,4.4,7.4,0.595,0.57,2.8,3.3,0.855,0.5,3.4,3.9,10.9,1.2,0.7,2.3,1.1,20.1,42176400.00,,Jordan Poole,"$29,651,786 ",,,
49,Kristaps Porziņģis,28,BOS,C,57,57,29.6,6.8,13.2,0.516,1.9,5.1,0.375,4.9,8.1,0.606,0.589,4.5,5.3,0.858,1.7,5.5,7.2,2,0.7,1.9,1.6,2.7,20.1,29268293.00,,Dejounte Murray,"$29,517,134 ",,,
50,CJ McCollum,32,NOP,PG,66,66,32.7,7.3,16,0.459,3.6,8.4,0.429,3.7,7.5,0.492,0.572,1.7,2.1,0.827,0.6,3.7,4.3,4.6,0.9,0.6,1.7,1.9,20,33333333.00,,Devin Vassell,"$29,347,826 ",,,
51,Scottie Barnes,22,TOR,SG,60,60,34.9,7.5,15.7,0.475,1.7,4.9,0.341,5.8,10.8,0.536,0.528,3.3,4.2,0.781,2.4,5.9,8.2,6.1,1.3,1.5,2.8,2,19.9,10130980.00,,Kristaps Porzingis,"$29,268,293 ",,,
52,Terry Rozier,29,2TM,SG,61,60,33.4,7.2,16.4,0.443,2.4,6.7,0.363,4.8,9.6,0.498,0.518,2.8,3.2,0.869,0.6,3.5,4,5.6,1,0.3,1.7,1.7,19.8,24924126.00,,Tyler Herro,"$29,000,000 ",,,
52,Terry Rozier,29,CHO,SG,30,30,35.5,8.4,18.3,0.459,2.8,7.7,0.358,5.6,10.6,0.533,0.535,3.6,4.3,0.845,0.6,3.3,3.9,6.6,1.1,0.4,2.2,1.7,23.2,24924126.00,,Nicolas Claxton,"$27,556,817 ",,,
52,Terry Rozier,29,MIA,PG,31,30,31.5,6.1,14.5,0.423,2.1,5.7,0.371,4,8.7,0.458,0.497,2,2.2,0.913,0.6,3.6,4.2,4.6,1,0.3,1.3,1.6,16.4,24924126.00,,Miles Bridges,"$27,173,913 ",,,
53,Franz Wagner,22,ORL,SF,72,72,32.5,7.3,15.2,0.482,1.3,4.6,0.281,6,10.6,0.57,0.525,3.8,4.4,0.85,1,4.3,5.3,3.7,1.1,0.4,1.9,2.3,19.7,7007092.00,,John Collins,"$26,580,000 ",,,
54,Mikal Bridges,27,BRK,SF,82,82,34.8,6.9,15.8,0.436,2.7,7.2,0.372,4.2,8.6,0.49,0.521,3.1,3.9,0.814,0.8,3.7,4.5,3.6,1,0.4,2,1.4,19.6,23300000.00,,Andrew Wiggins,"$26,276,786 ",,,
55,Jalen Green,21,HOU,SG,82,82,31.7,6.9,16.2,0.423,2.5,7.4,0.332,4.4,8.9,0.498,0.498,3.5,4.3,0.804,0.5,4.7,5.2,3.5,0.8,0.3,2.3,1.4,19.6,12483048.00,,Anfernee Simons,"$25,892,857 ",,,
56,Zach LaVine,28,CHI,SG,25,23,34.9,6.8,15,0.452,2.4,6.8,0.349,4.4,8.3,0.536,0.531,3.5,4.1,0.854,0.3,4.8,5.2,3.9,0.8,0.3,2.1,2.3,19.5,44531940.00,,RJ Barrett,"$25,794,643 ",,,
57,Devin Vassell,23,SAS,SG,68,62,33.1,7.3,15.5,0.472,2.4,6.6,0.372,4.9,9,0.544,0.55,2.4,3,0.801,0.4,3.4,3.8,4.1,1.1,0.3,1.6,1.1,19.5,29347826.00,,Tobias Harris,"$25,365,854 ",,,
58,Domantas Sabonis,27,SAC,C,82,82,35.7,7.7,13,0.594,0.4,1.1,0.379,7.3,12,0.613,0.609,3.6,5.1,0.704,3.6,10.1,13.7,8.2,0.9,0.6,3.3,3,19.4,40500000.00,,Jaren Jackson Jr,"$25,257,798 ",,,
59,Bam Adebayo,26,MIA,C,71,71,34,7.5,14.3,0.521,0.2,0.6,0.357,7.3,13.7,0.528,0.529,4.1,5.5,0.755,2.2,8.1,10.4,3.9,1.1,0.9,2.3,2.2,19.3,34848340.00,,Jonathan Isaac,"$25,000,000 ",,,
60,Coby White,23,CHI,PG,79,78,36.5,6.8,15.3,0.447,2.6,7,0.376,4.2,8.3,0.508,0.534,2.8,3.3,0.838,0.6,4,4.5,5.1,0.7,0.2,2.1,2.4,19.1,12000000.00,,Jalen Brunson,"$24,960,001 ",,,
61,Jalen Williams,22,OKC,PF,71,71,31.3,7.5,14,0.54,1.5,3.4,0.427,6.1,10.6,0.576,0.592,2.5,3.1,0.814,0.5,3.5,4,4.5,1.1,0.6,1.7,2.5,19.1,4775760.00,,Terry Rozier,"$24,924,126 ",,,
62,Collin Sexton,25,UTA,SG,78,51,26.6,6.5,13.3,0.487,1.6,4.2,0.394,4.8,9.1,0.53,0.549,4.1,4.7,0.859,0.9,1.7,2.6,4.9,0.8,0.2,2.1,2,18.7,18350000.00,,Draymond Green,"$24,107,143 ",,,
63,Bradley Beal,30,PHO,SG,53,53,33.3,7.1,13.9,0.513,1.9,4.4,0.43,5.2,9.4,0.552,0.582,2.1,2.5,0.813,1,3.4,4.4,5,1,0.5,2.5,2.4,18.2,50203930.00,,Kyle Kuzma,"$23,856,060 ",,,
64,Darius Garland,24,CLE,PG,57,57,33.4,6.6,14.8,0.446,2.3,6.2,0.371,4.3,8.5,0.501,0.524,2.6,3.1,0.834,0.5,2.1,2.7,6.5,1.3,0.1,3.1,1.7,18,36725670.00,,DeMar DeRozan,"$23,400,000 ",,,
65,D'Angelo Russell,27,LAL,PG,76,69,32.7,6.5,14.2,0.456,3,7.2,0.415,3.5,7,0.497,0.56,2.1,2.5,0.828,0.4,2.7,3.1,6.3,0.9,0.5,2.1,2.1,18,18692307.00,,Mikal Bridges,"$23,300,000 ",,,
66,Nikola Vučević,33,CHI,C,76,74,34.3,7.7,15.9,0.484,1.2,4.1,0.294,6.5,11.8,0.55,0.522,1.4,1.7,0.822,2.8,7.8,10.5,3.3,0.7,0.8,1.6,2.5,18,20000000.00,,Jaden McDaniels,"$23,017,242 ",,,
67,Klay Thompson,33,GSW,SF,77,63,29.7,6.4,14.7,0.432,3.5,9,0.387,2.9,5.7,0.503,0.551,1.6,1.8,0.927,0.5,2.8,3.3,2.3,0.6,0.5,1.5,1.6,17.9,15873016.00,,Brook Lopez,"$23,000,000 ",,,
68,Jordan Poole,24,WAS,SG,78,66,30.1,6.3,15.2,0.413,2.4,7.2,0.326,3.9,8,0.492,0.491,2.5,2.8,0.877,0.4,2.3,2.7,4.4,1.1,0.3,2.4,3.1,17.4,29651786.00,,Bruce Brown,"$23,000,000 ",,,
69,Fred VanVleet,29,HOU,PG,73,73,36.8,5.8,13.9,0.416,3.1,8,0.387,2.7,5.9,0.454,0.527,2.7,3.1,0.86,0.5,3.4,3.8,8.1,1.4,0.8,1.7,2.5,17.4,42846615.00,,Aaron Gordon,"$22,841,455 ",,,
70,Brandon Miller,21,CHO,SF,74,68,32.2,6.4,14.6,0.44,2.5,6.7,0.373,3.9,8,0.495,0.524,1.9,2.3,0.827,0.8,3.4,4.3,2.4,0.9,0.6,1.8,2.5,17.3,11424382.00,,Kentavious Caldwell-Pope,"$22,757,000 ",,,
71,Tobias Harris,31,PHI,PF,70,70,33.8,6.6,13.6,0.487,1.3,3.7,0.353,5.3,9.9,0.537,0.535,2.7,3,0.878,1.1,5.3,6.5,3.1,1,0.7,1.3,1.6,17.2,25365854.00,,Cameron Johnson,"$22,500,000 ",,,
72,Jordan Clarkson,31,UTA,SG,55,19,30.6,6.1,14.8,0.413,1.7,5.6,0.294,4.5,9.2,0.485,0.469,3.2,3.7,0.881,0.9,2.5,3.4,5,0.6,0.1,2.7,1.5,17.1,14092577.00,,Malcolm Brogdon,"$22,500,000 ",,,
73,Myles Turner,27,IND,C,77,77,27,6.2,11.8,0.524,1.5,4.2,0.358,4.7,7.6,0.615,0.587,3.2,4.1,0.773,1.5,5.5,6.9,1.3,0.5,1.9,1.4,3,17.1,19928500.00,,Clint Capela,"$22,265,280 ",,,
74,Immanuel Quickley,24,2TM,SG,68,38,29.2,5.7,13.1,0.434,2.5,6.4,0.395,3.2,6.8,0.471,0.53,3.1,3.6,0.853,0.3,3.6,3.8,4.9,0.7,0.1,1.5,1.8,17,32500000.00,,Dillon Brooks,"$22,255,493 ",,,
74,Immanuel Quickley,24,NYK,SG,30,0,24,5.1,11.2,0.454,2.1,5.4,0.395,2.9,5.8,0.509,0.549,2.7,3.1,0.872,0.2,2.4,2.6,2.5,0.5,0.1,1,1.5,15,32500000.00,,De'Andre Hunter,"$21,696,429 ",,,
74,Immanuel Quickley,24,TOR,PG,38,38,33.3,6.2,14.7,0.422,2.8,7.1,0.395,3.4,7.6,0.448,0.518,3.3,4,0.841,0.3,4.5,4.8,6.8,0.9,0.2,1.8,2,18.6,32500000.00,,Lonzo Ball,"$21,395,348 ",,,
75,Bogdan Bogdanović,31,ATL,SG,79,33,30.4,6,13.9,0.428,3,8.1,0.374,2.9,5.8,0.503,0.537,1.9,2.1,0.921,0.7,2.8,3.4,3.1,1.2,0.3,1.4,2.3,16.9,19032850.00,,Marcus Smart,"$20,210,285 ",,,
76,Deandre Ayton,25,POR,C,55,55,32.4,7.8,13.6,0.57,0,0.2,0.1,7.7,13.4,0.576,0.571,1.2,1.4,0.823,3.2,7.9,11.1,1.6,1,0.8,1.8,2,16.7,34005126.00,,Derrick White,"$20,071,429 ",,,
77,Michael Porter Jr.,25,DEN,SF,81,81,31.7,6.4,13.3,0.484,2.7,6.8,0.397,3.7,6.5,0.575,0.586,1.1,1.4,0.836,1.3,5.7,7,1.5,0.5,0.7,1.1,1.8,16.7,35859950.00,,Nikola Vucevic,"$20,000,000 ",,,
78,James Harden,34,LAC,PG,72,72,34.3,4.9,11.4,0.428,2.6,6.8,0.381,2.3,4.6,0.497,0.541,4.2,4.8,0.878,0.5,4.7,5.1,8.5,1.1,0.8,2.6,1.8,16.6,33653846.00,,Jarrett Allen,"$20,000,000 ",,,
79,Jarrett Allen,25,CLE,C,77,77,31.7,6.7,10.6,0.634,0,0.1,0,6.7,10.6,0.638,0.634,3,4.1,0.742,3.2,7.4,10.5,2.7,0.7,1.1,1.6,1.9,16.5,20000000.00,,Myles Turner,"$19,928,500 ",,,
80,Chet Holmgren,21,OKC,C,82,82,29.4,6.2,11.6,0.53,1.6,4.3,0.37,4.6,7.4,0.623,0.598,2.7,3.4,0.793,1.6,6.3,7.9,2.4,0.6,2.3,1.6,2.4,16.5,10880640.00,,Jakob Poeltl,"$19,500,000 ",,,
81,Jonathan Kuminga,21,GSW,PF,74,46,26.3,6.2,11.6,0.529,0.7,2.2,0.321,5.4,9.4,0.578,0.56,3,4,0.746,1.2,3.6,4.8,2.2,0.7,0.5,1.6,2.3,16.1,7636307.00,,Duncan Robinson,"$19,406,000 ",,,
82,Jalen Johnson,22,ATL,SF,56,52,33.7,6.4,12.5,0.511,1.3,3.6,0.355,5.1,9,0.574,0.562,1.9,2.6,0.728,1.3,7.4,8.7,3.6,1.2,0.8,1.8,2.4,16,4510905.00,,Norman Powell,"$19,241,379 ",,,
83,Austin Reaves,25,LAL,SG,82,57,32.1,5.6,11.5,0.486,1.9,5.1,0.367,3.7,6.3,0.583,0.568,2.8,3.3,0.853,0.7,3.6,4.3,5.5,0.8,0.3,2.1,1.9,15.9,12976362.00,,Bojan Bogdanovic,"$19,032,850 ",,,
84,Shaedon Sharpe,20,POR,SG,32,25,33.1,5.5,13.6,0.406,1.9,5.6,0.333,3.6,7.9,0.457,0.475,3.1,3.7,0.824,1.3,3.7,5,2.9,0.9,0.4,2.3,2.8,15.9,6614160.00,,Keldon Johnson,"$19,000,000 ",,,
85,Malcolm Brogdon,31,POR,PG,39,25,28.7,5.6,12.7,0.44,2.1,5.1,0.412,3.5,7.6,0.458,0.522,2.4,3,0.819,0.7,3.1,3.8,5.5,0.7,0.2,1.5,1.5,15.7,22500000.00,,D'Angelo Russell,"$18,692,307 ",,,
86,Keldon Johnson,24,SAS,SF,69,27,29.5,5.7,12.5,0.454,1.8,5.3,0.346,3.8,7.2,0.533,0.527,2.5,3.2,0.792,1.4,4.1,5.5,2.8,0.7,0.3,1.4,2.2,15.7,19000000.00,,Collin Sexton,"$18,350,000 ",,,
87,Evan Mobley,22,CLE,PF,50,50,30.6,6.4,11,0.58,0.4,1.2,0.373,6,9.9,0.604,0.6,2.5,3.4,0.719,2.2,7.1,9.4,3.2,0.9,1.4,1.8,2.7,15.7,11227657.00,,Josh Hart,"$18,144,000 ",,,
88,De'Andre Hunter,26,ATL,SF,57,37,29.5,5.3,11.6,0.459,2.1,5.3,0.385,3.3,6.3,0.521,0.547,2.9,3.4,0.847,0.5,3.4,3.9,1.5,0.7,0.3,1.5,2.6,15.6,21696429.00,,Jusuf Nurkic,"$18,125,000 ",,,
89,Donte DiVincenzo,27,NYK,SG,81,63,29.1,5.5,12.4,0.443,3.5,8.7,0.401,2,3.7,0.542,0.584,1.1,1.4,0.754,0.8,2.9,3.7,2.7,1.3,0.4,1.4,2,15.5,11445000.00,,Harrison Barnes,"$18,000,000 ",,,
90,Jaden Ivey,21,DET,SG,77,61,28.8,5.4,12.6,0.429,1.6,4.8,0.336,3.8,7.8,0.485,0.492,2.9,3.9,0.749,1.1,2.3,3.4,3.8,0.7,0.5,2.5,2.6,15.4,7977240.00,,Patrick Williams,"$18,000,000 ",,,
91,Malik Monk,25,SAC,SG,72,0,26,5.5,12.4,0.443,2.1,5.9,0.35,3.4,6.5,0.528,0.526,2.4,2.8,0.829,0.4,2.6,2.9,5.1,0.6,0.5,2.1,2.2,15.4,17405203.00,,Malik Monk,"$17,405,203 ",,,
92,Kelly Oubre Jr.,28,PHI,SF,68,52,30.2,5.7,12.9,0.441,1.5,4.8,0.311,4.2,8.1,0.517,0.498,2.6,3.4,0.75,1.4,3.6,5,1.5,1.1,0.7,1.3,2.9,15.4,7983000.00,,Bogdan Bogdanovic,"$17,260,000 ",,,
93,Bojan Bogdanović,34,2TM,PF,57,27,25.9,5.4,11.9,0.454,2.3,5.9,0.398,3.1,6.1,0.507,0.551,2.1,2.6,0.785,0.4,2.3,2.7,1.7,0.5,0.1,1.8,1.7,15.2,19032850.00,,Rui Hachimura,"$17,000,000 ",,,
93,Bojan Bogdanović,34,DET,PF,28,27,32.9,7.1,15.2,0.468,3.1,7.4,0.415,4,7.8,0.518,0.569,2.9,3.7,0.779,0.5,2.9,3.4,2.5,0.8,0.1,2.3,2,20.2,19032850.00,,Kevin Huerter,"$16,830,357 ",,,
93,Bojan Bogdanović,34,NYK,SF,29,0,19.2,3.8,8.8,0.43,1.6,4.4,0.37,2.2,4.4,0.488,0.521,1.2,1.6,0.8,0.3,1.7,2,0.9,0.2,0,1.3,1.3,10.4,19032850.00,,Zach Collins,"$16,741,200 ",,,
94,Keegan Murray,23,SAC,SF,77,77,33.6,5.8,12.7,0.454,2.4,6.6,0.358,3.4,6,0.56,0.548,1.3,1.6,0.831,1.4,4.1,5.5,1.7,1,0.8,0.8,2.7,15.2,8809560.00,,Caris LeVert,"$16,615,384 ",,,
95,Derrick White,29,BOS,SG,73,73,32.6,5.3,11.5,0.461,2.7,6.8,0.396,2.6,4.7,0.555,0.578,1.9,2.1,0.901,0.7,3.5,4.2,5.2,1,1.2,1.5,2.1,15.2,20071429.00,,Luguentz Dort,"$16,500,000 ",,,
96,John Collins,26,UTA,PF,68,66,28,5.8,11,0.532,1.3,3.4,0.371,4.6,7.6,0.605,0.59,2.2,2.7,0.795,2.3,6.1,8.5,1.1,0.6,0.9,1.4,2.8,15.1,26580000.00,,Tim Hardaway Jr,"$16,193,183 ",,,
97,Khris Middleton,32,MIL,SF,55,55,27,5.8,11.7,0.493,1.7,4.5,0.381,4.1,7.2,0.563,0.566,1.8,2.2,0.833,0.7,3.9,4.7,5.3,0.9,0.3,2.3,2.6,15.1,31000000.00,,Klay Thompson,"$15,873,016 ",,,
98,Trey Murphy III,23,NOP,SF,57,23,29.6,4.8,10.9,0.443,3,7.8,0.38,1.9,3.1,0.602,0.579,2.2,2.6,0.815,0.7,4.2,4.9,2.2,0.9,0.5,0.6,1.2,14.8,5159854.00,,Grayson Allen,"$15,625,000 ",,,
99,OG Anunoby,26,2TM,SF,50,50,34,5.6,11.5,0.489,2,5.3,0.382,3.6,6.2,0.581,0.577,1.3,1.8,0.753,0.9,3.2,4.2,2.1,1.4,0.7,1.6,2.4,14.7,36637932.00,,Deni Avdija,"$15,625,000 ",,,
99,OG Anunoby,26,TOR,SF,27,27,33.3,5.8,11.9,0.489,2.3,6,0.374,3.6,5.9,0.608,0.584,1.2,1.7,0.717,0.9,3,3.9,2.7,1,0.5,1.6,2.3,15.1,36637932.00,,PJ Washington,"$15,500,000 ",,,
99,OG Anunoby,26,NYK,SF,23,23,34.9,5.4,11.1,0.488,1.8,4.5,0.394,3.7,6.6,0.553,0.568,1.5,1.9,0.791,1,3.4,4.4,1.5,1.7,1,1.7,2.5,14.1,36637932.00,,Max Strus,"$15,212,068 ",,,
100,Deni Avdija,23,WAS,SF,75,75,30.1,5.4,10.7,0.506,1.2,3.1,0.374,4.2,7.6,0.56,0.56,2.7,3.6,0.74,1.1,6.1,7.2,3.8,0.8,0.5,2.1,2.5,14.7,15625000.00,,Isaiah Stewart,"$15,000,000 ",,,
101,GG Jackson II,19,MEM,PF,48,18,25.7,5,11.7,0.428,2.1,6,0.357,2.9,5.8,0.502,0.519,2.4,3.2,0.752,1.1,3,4.1,1.2,0.6,0.5,1.4,1.3,14.6,1891857.00,,Dorian Finney-Smith,"$14,924,167 ",,,
102,Bennedict Mathurin,21,IND,SF,59,19,26.1,5,11.2,0.446,1.4,3.6,0.374,3.7,7.6,0.481,0.507,3.1,3.8,0.821,1,2.9,4,2,0.6,0.2,1.6,2,14.5,7245720.00,,Mitchell Robinson,"$14,318,182 ",,,
103,Marcus Smart,29,MEM,PG,20,20,30.3,5.1,11.9,0.43,2.1,6.7,0.313,3,5.2,0.583,0.519,2.2,2.8,0.768,0.3,2.4,2.7,4.3,2.1,0.3,3.1,2.7,14.5,20210285.00,,Jordan Clarkson,"$14,092,577 ",,,
104,Tim Hardaway Jr.,31,DAL,SF,79,12,26.8,5,12.4,0.402,2.7,7.6,0.353,2.3,4.8,0.478,0.51,1.8,2.1,0.852,0.3,2.9,3.2,1.8,0.5,0.1,0.9,1.3,14.4,16193183.00,,Onyeka Okongwu,"$14,000,000 ",,,
105,Dennis Schröder,30,2TM,PG,80,58,31.1,5,11.6,0.435,1.7,4.6,0.375,3.3,7,0.474,0.509,2.2,2.7,0.836,0.5,2.5,3,6.1,0.8,0.2,1.9,2.1,14,13025250.00,,Naz Reid,"$13,986,432 ",,,
105,Dennis Schröder,30,TOR,PG,51,33,30.6,4.8,11,0.442,1.5,4.3,0.35,3.3,6.6,0.501,0.511,2.5,2.9,0.852,0.4,2.3,2.7,6.1,0.9,0.2,1.6,2.1,13.7,13025250.00,,Cade Cunningham,"$13,940,809 ",,,
105,Dennis Schröder,30,BRK,PG,29,25,32,5.4,12.7,0.424,2.1,5.1,0.412,3.3,7.6,0.432,0.507,1.8,2.2,0.797,0.6,2.9,3.5,6,0.6,0.3,2.4,2,14.6,13025250.00,,Daniel Gafford,"$13,394,160 ",,,
106,Rudy Gobert,31,MIN,C,76,76,34.1,5.3,8.1,0.661,0,0,0,5.3,8,0.664,0.661,3.3,5.1,0.638,3.8,9.2,12.9,1.3,0.7,2.1,1.6,3.1,14,43827586.00,,Grant Williams,"$13,025,250 ",,,
107,Scoot Henderson,19,POR,PG,62,32,28.5,5,12.9,0.385,1.4,4.3,0.325,3.5,8.5,0.416,0.44,2.7,3.3,0.819,0.9,2.3,3.1,5.4,0.8,0.2,3.4,3.1,14,10259449.00,,Dennis Schroeder,"$13,025,250 ",,,
108,Caris LeVert,29,CLE,SG,68,10,28.8,5.1,12.1,0.421,1.6,4.9,0.325,3.5,7.2,0.486,0.487,2.3,3,0.766,0.6,3.5,4.1,5.1,1.1,0.5,1.7,1.8,14,16615384.00,,Isaiah Joe,"$12,991,650 ",,,
109,Aaron Gordon,28,DEN,PF,73,73,31.5,5.5,9.8,0.556,0.5,1.9,0.29,4.9,7.9,0.619,0.584,2.4,3.7,0.658,2.4,4.1,6.5,3.5,0.8,0.6,1.4,1.9,13.9,22841455.00,,Austin Reaves,"$12,976,362 ",,,
110,Norman Powell,30,LAC,SG,76,3,26.2,4.9,10.1,0.486,2.2,5.1,0.435,2.7,5.1,0.536,0.594,1.9,2.3,0.831,0.2,2.4,2.6,1.1,0.6,0.3,0.9,1.8,13.9,19241379.00,,Herb Jones,"$12,976,362 ",,,
111,Jalen Duren,20,DET,C,61,60,29.1,5.7,9.2,0.619,0,0.1,0,5.7,9.2,0.623,0.619,2.3,3,0.79,3.1,8.5,11.6,2.4,0.5,0.8,2.1,3.1,13.8,4536840.00,,Obi Toppin,"$12,975,000 ",,,
112,Bobby Portis,28,MIL,PF,82,4,24.5,5.7,11.2,0.508,1.2,3,0.407,4.5,8.2,0.545,0.562,1.2,1.5,0.79,1.7,5.7,7.4,1.3,0.8,0.4,1.1,2.3,13.8,12578286.00,,Cole Anthony,"$12,900,000 ",,,
113,Saddiq Bey,24,ATL,SF,63,51,32.7,4.6,11.1,0.416,1.8,5.7,0.316,2.8,5.4,0.522,0.497,2.7,3.2,0.837,2.7,3.9,6.5,1.5,0.8,0.2,0.9,1.4,13.7,6440678.00,,De'Anthony Melton,"$12,822,000 ",,,
114,Jabari Smith Jr.,20,HOU,PF,76,76,31.9,5,11,0.454,1.8,5,0.363,3.2,6,0.53,0.537,2,2.4,0.811,1.8,6.3,8.1,1.6,0.7,0.8,1.2,2.6,13.7,9770880.00,,Kelly Olynyk,"$12,804,878 ",,,
115,Gary Trent Jr.,25,TOR,SG,71,41,28.1,5.1,11.9,0.426,2.5,6.4,0.393,2.6,5.5,0.464,0.531,1,1.4,0.771,0.4,2.3,2.6,1.7,1.1,0.1,0.7,1.4,13.7,2613120.00,,Victor Wembanyama,"$12,768,664 ",,,
116,Rui Hachimura,25,LAL,PF,68,39,26.9,5.3,9.9,0.537,1.4,3.4,0.422,3.9,6.5,0.597,0.609,1.5,2,0.739,0.9,3.5,4.3,1.2,0.6,0.4,0.7,1.5,13.6,17000000.00,,Josh Green,"$12,654,321 ",,,
117,Grayson Allen,28,PHO,SG,75,74,33.5,4.5,9.1,0.499,2.7,5.9,0.461,1.8,3.2,0.57,0.649,1.7,2,0.878,0.6,3.3,3.9,3,0.9,0.6,1.3,2.1,13.5,15625000.00,,Richaun Holmes,"$12,648,321 ",,,
118,Naz Reid,24,MIN,PF,81,14,24.2,5,10.5,0.477,2.1,5,0.414,2.9,5.5,0.535,0.576,1.3,1.8,0.736,0.9,4.3,5.2,1.3,0.8,0.9,1.4,2.1,13.5,13986432.00,,Steven Adams,"$12,600,000 ",,,
119,Cameron Johnson,27,BRK,PF,58,47,27.6,4.8,10.7,0.446,2.4,6.1,0.391,2.4,4.6,0.519,0.557,1.5,1.9,0.789,0.9,3.4,4.3,2.4,0.8,0.3,1,1.8,13.4,22500000.00,,Bobby Portis,"$12,578,286 ",,,
120,Corey Kispert,24,WAS,SF,80,22,25.8,4.8,9.9,0.486,2.3,6,0.383,2.5,3.9,0.643,0.602,1.4,2,0.726,0.4,2.4,2.8,2,0.5,0.2,1.2,1.8,13.4,5705887.00,,Zaccharie Risacher,"$12,569,040 ",,,
121,Andrew Wiggins,28,GSW,SF,71,59,27,5,11,0.453,1.3,3.6,0.358,3.7,7.4,0.498,0.511,2,2.7,0.751,1.5,3,4.5,1.7,0.6,0.6,1.2,2.1,13.2,26276786.00,,Brandon Clarke,"$12,500,000 ",,,
122,Keyonte George,20,UTA,PG,75,44,27,4.3,10.9,0.391,2,5.9,0.334,2.3,5,0.459,0.482,2.5,3,0.848,0.2,2.6,2.8,4.4,0.5,0.1,2.5,1.2,13,4084265.00,,Marvin Bagley,"$12,500,000 ",,,
123,P.J. Washington,25,2TM,PF,73,45,30.4,4.8,11.1,0.436,1.8,5.7,0.32,3,5.5,0.558,0.518,1.4,2,0.683,1.2,4.5,5.6,1.9,1,0.8,1.3,2.3,12.9,15500000.00,,Jalen Green,"$12,483,048 ",,,
123,P.J. Washington,25,CHO,PF,44,17,29.2,5.2,11.6,0.446,1.8,5.5,0.324,3.4,6,0.558,0.524,1.5,2.1,0.713,1.2,4.1,5.3,2.2,0.9,0.7,1.5,2.5,13.6,15500000.00,,Robert Williams,"$12,428,571 ",,,
123,P.J. Washington,25,DAL,PF,29,28,32.2,4.4,10.4,0.421,1.8,5.8,0.314,2.6,4.6,0.556,0.508,1.1,1.8,0.627,1.1,5.1,6.2,1.5,1.2,0.9,1,2,11.7,15500000.00,,PJ Tucker,"$12,165,577 ",,,
124,Scotty Pippen Jr.,23,MEM,PG,21,16,25.1,4.8,9.7,0.493,1.4,3.4,0.417,3.3,6.2,0.534,0.567,2,2.6,0.745,1,2.1,3.2,4.7,1.7,0.5,2.7,2.9,12.9,2087519.00,,Paolo Banchero,"$12,160,800 ",,,
125,Duncan Robinson,29,MIA,SF,68,36,28,4.5,9.9,0.45,2.8,7,0.395,1.7,3,0.579,0.589,1.2,1.3,0.889,0.2,2.3,2.5,2.8,0.7,0.2,1.4,2.4,12.9,19406000.00,,Coby White,"$12,000,000 ",,,
126,Dillon Brooks,28,HOU,SF,72,72,30.9,4.6,10.7,0.428,1.8,5.1,0.359,2.7,5.5,0.492,0.515,1.7,2,0.844,0.7,2.7,3.4,1.7,0.9,0.1,1.2,3.3,12.7,22255493.00,,Wendell Carter,"$11,950,000 ",,,
127,Mark Williams,22,CHO,C,19,19,26.7,5.2,7.9,0.649,0,0,,5.2,7.9,0.649,0.649,2.4,3.4,0.719,4,5.7,9.7,1.2,0.8,1.1,0.9,2.6,12.7,4094280.00,,Ivica Zubac,"$11,743,210 ",,,
128,Jalen Suggs,22,ORL,SG,75,75,27,4.5,9.5,0.471,2,5.1,0.397,2.4,4.4,0.556,0.578,1.6,2.1,0.756,0.6,2.4,3.1,2.7,1.4,0.6,1.8,2.7,12.6,9188385.00,,Donte DiVincenzo,"$11,445,000 ",,,
129,Jrue Holiday,33,BOS,PG,69,69,32.8,4.8,10,0.48,2,4.7,0.429,2.8,5.3,0.526,0.581,0.9,1,0.833,1.2,4.2,5.4,4.8,0.9,0.8,1.8,1.6,12.5,30000000.00,,Brandon Miller,"$11,424,382 ",,,
130,Brook Lopez,35,MIL,C,79,79,30.5,4.6,9.6,0.485,1.9,5.1,0.366,2.8,4.4,0.621,0.583,1.4,1.7,0.821,1.5,3.7,5.2,1.6,0.5,2.4,1,2.4,12.5,23000000.00,,Terance Mann,"$11,423,077 ",,,
131,Josh Giddey,21,OKC,SG,80,80,25.1,5,10.6,0.475,1,3,0.337,4,7.6,0.53,0.523,1.3,1.6,0.806,1.4,5,6.4,4.8,0.6,0.6,2.1,1.4,12.3,8352367.00,,Alex Sarr,"$11,245,680 ",,,
132,Cam Whitmore,19,HOU,SF,47,2,18.7,4.5,9.9,0.454,1.7,4.7,0.359,2.8,5.3,0.538,0.539,1.6,2.4,0.679,0.9,2.9,3.8,0.7,0.6,0.4,1,1.4,12.3,3379068.00,,Evan Mobley,"$11,227,657 ",,,
133,Harrison Barnes,31,SAC,PF,82,82,29,4.2,8.9,0.474,1.8,4.7,0.387,2.4,4.2,0.571,0.576,1.9,2.4,0.801,0.8,2.2,3,1.2,0.7,0.1,0.7,1.2,12.2,18000000.00,,Larry Nance Jr,"$11,205,000 ",,,
134,Ayo Dosunmu,24,CHI,SG,76,37,29.1,4.7,9.5,0.501,1.6,3.9,0.403,3.2,5.6,0.568,0.583,1.1,1.4,0.81,0.7,2.1,2.8,3.2,0.9,0.5,1.4,2.2,12.2,7000000.00,,Matisse Thybulle,"$11,025,000 ",,,
135,Javonte Green,30,CHI,SF,9,5,25.6,5,8.3,0.6,1.1,3,0.37,3.9,5.3,0.729,0.667,1.1,1.4,0.769,2.2,5.2,7.4,0.6,1.1,0.9,0.8,2.1,12.2,2425403.00,,Gabe Vincent,"$11,000,000 ",,,
136,Aaron Nesmith,24,IND,SF,72,47,27.7,4.4,8.8,0.496,1.9,4.6,0.419,2.4,4.2,0.581,0.606,1.5,1.9,0.781,0.9,2.9,3.8,1.5,0.9,0.7,0.9,3.3,12.2,11000000.00,,Aaron Nesmith,"$11,000,000 ",,,
137,Max Strus,27,CLE,SF,70,70,32,4.3,10.4,0.418,2.4,6.8,0.351,1.9,3.6,0.546,0.533,1.1,1.4,0.794,0.9,3.9,4.8,4,0.9,0.4,1.6,2.4,12.2,15212068.00,,Maxi Kleber,"$11,000,000 ",,,
138,Jonas Valančiūnas,31,NOP,C,82,82,23.5,4.9,8.8,0.559,0.5,1.5,0.308,4.5,7.3,0.609,0.585,2,2.5,0.785,2.3,6.5,8.8,2.1,0.4,0.8,1.4,2.7,12.2,9900000.00,,Moritz Wagner,"$11,000,000 ",,,
139,Buddy Hield,31,2TM,SF,84,42,25.7,4.4,10.1,0.436,2.6,6.8,0.386,1.8,3.4,0.539,0.565,0.6,0.7,0.881,0.7,2.5,3.2,2.8,0.8,0.5,1.2,2,12.1,8780488.00,,Chet Holmgren,"$10,880,640 ",,,
139,Buddy Hield,31,IND,SF,52,28,25.7,4.4,9.9,0.443,2.6,6.9,0.384,1.8,3.1,0.575,0.575,0.5,0.6,0.848,0.7,2.6,3.2,2.7,0.8,0.6,1.2,2,12,8780488.00,,Chris Boucher,"$10,810,000 ",,,
139,Buddy Hield,31,PHI,SG,32,14,25.8,4.4,10.4,0.426,2.6,6.6,0.389,1.9,3.8,0.492,0.55,0.8,0.8,0.923,0.8,2.3,3.2,3,0.8,0.3,1.3,2.1,12.2,8780488.00,,Jarred Vanderbilt,"$10,714,286 ",,,
140,Tyus Jones,27,WAS,PG,66,66,29.3,4.9,10.1,0.489,1.6,3.9,0.414,3.3,6.2,0.537,0.569,0.5,0.6,0.8,0.3,2.4,2.7,7.3,1.1,0.3,1,0.7,12,3003427.00,,Aaron Wiggins,"$10,514,017 ",,,
141,Jaime Jaquez Jr.,22,MIA,SF,75,20,28.2,4.5,9.3,0.489,0.9,2.7,0.322,3.7,6.6,0.558,0.536,1.9,2.3,0.811,1.1,2.7,3.8,2.6,1,0.3,1.5,2.2,11.9,3685800.00,,Chris Paul,"$10,460,000 ",,,
142,Nic Claxton,24,BRK,C,71,71,29.8,5.2,8.2,0.629,0,0.1,0.2,5.1,8.1,0.633,0.63,1.5,2.8,0.551,2.7,7.2,9.9,2.1,0.6,2.1,1.3,2.5,11.8,27556817.00,,Scoot Henderson,"$10,259,449 ",,,
143,Marvin Bagley III,24,2TM,C,50,25,21.1,4.8,8.2,0.586,0.2,0.5,0.391,4.6,7.7,0.597,0.597,1.9,2.5,0.762,2.6,3.6,6.2,1.1,0.4,0.7,1.2,1.6,11.7,12500000.00,,Isaac Okoro,"$10,185,186 ",,,
143,Marvin Bagley III,24,DET,C,26,10,18.4,4.1,7,0.591,0,0.2,0.167,4.1,6.7,0.606,0.594,1.9,2.3,0.82,1.8,2.8,4.5,1,0.2,0.5,1.1,1.5,10.2,12500000.00,,Scottie Barnes,"$10,130,980 ",,,
143,Marvin Bagley III,24,WAS,C,24,15,24,5.5,9.5,0.581,0.3,0.7,0.471,5.2,8.8,0.59,0.599,1.9,2.7,0.708,3.5,4.6,8.1,1.2,0.6,0.8,1.3,1.7,13.3,12500000.00,,Reed Sheppard,"$10,098,960 ",,,
144,Ivica Zubac,26,LAC,C,68,68,26.4,5,7.6,0.649,0,0,,5,7.6,0.649,0.649,1.8,2.4,0.723,2.9,6.3,9.2,1.4,0.3,1.2,1.2,2.6,11.7,11743210.00,,Mike Conley,"$9,975,962 ",,,
145,Cole Anthony,23,ORL,PG,81,0,22.4,4.1,9.4,0.435,1.1,3.4,0.338,3,6,0.49,0.496,2.2,2.7,0.826,0.8,3,3.8,2.9,0.8,0.5,1.6,2.2,11.6,12900000.00,,Jonas Valanciunas,"$9,900,000 ",,,
146,Jeremy Sochan,20,SAS,PF,74,73,29.6,4.6,10.5,0.438,0.9,3.1,0.308,3.6,7.4,0.492,0.483,1.5,1.9,0.771,1.9,4.6,6.4,3.4,0.8,0.5,1.9,2.3,11.6,5570040.00,,Alex Caruso,"$9,890,000 ",,,
147,Clint Capela,29,ATL,C,73,73,25.8,4.8,8.5,0.571,0,0,0,4.8,8.5,0.572,0.571,1.8,2.8,0.631,4.6,6,10.6,1.2,0.6,1.5,1,2.2,11.5,22265280.00,,Jabari Smith,"$9,770,880 ",,,
148,Mike Conley,36,MIN,PG,76,76,28.9,3.9,8.5,0.457,2.4,5.3,0.442,1.5,3.1,0.481,0.595,1.3,1.5,0.911,0.5,2.4,2.9,5.9,1.2,0.2,1.3,1.7,11.4,9975962.00,,Derrick Jones,"$9,523,810 ",,,
149,Malik Beasley,27,MIL,SG,79,77,29.6,4.1,9.1,0.443,2.8,6.9,0.413,1.2,2.3,0.533,0.598,0.3,0.4,0.714,0.5,3.2,3.7,1.4,0.7,0.1,0.7,2,11.3,6000000.00,,Al Horford,"$9,500,000 ",,,
150,Brandon Clarke,27,MEM,PF,6,1,22.3,5.5,9.8,0.559,0.2,1,0.167,5.3,8.8,0.604,0.568,0.2,1.2,0.143,2.2,3.2,5.3,1.5,0.8,1,0.5,1.3,11.3,12500000.00,,Pat Connaughton,"$9,423,869 ",,,
151,Zach Collins,26,SAS,C,69,29,22.1,4.3,8.9,0.484,0.8,2.6,0.32,3.5,6.3,0.552,0.531,1.8,2.3,0.753,1.7,3.7,5.4,2.8,0.5,0.8,1.9,3,11.2,16741200.00,,Royce O'Neale,"$9,375,000 ",,,
152,De'Anthony Melton,25,PHI,SG,38,33,26.9,3.7,9.5,0.386,2,5.6,0.36,1.6,3.8,0.425,0.493,1.7,2.1,0.835,0.7,3,3.7,3,1.6,0.4,1,2.2,11.1,12822000.00,,TJ McConnell,"$9,300,000 ",,,
153,Jakob Poeltl,28,TOR,C,50,50,26.4,5,7.6,0.656,0,0,,5,7.6,0.656,0.656,1.2,2.1,0.551,2.9,5.7,8.6,2.5,0.7,1.5,1.5,3,11.1,19500000.00,,Luke Kennard,"$9,250,000 ",,,
154,Russell Westbrook,35,LAC,PG,68,11,22.5,4.4,9.8,0.454,0.6,2.3,0.273,3.8,7.5,0.509,0.486,1.6,2.4,0.688,1.4,3.7,5,4.5,1.1,0.3,2.1,1.8,11.1,5631296.00,,Amen Thompson,"$9,249,748 ",,,
155,Daniel Gafford,25,2TM,PF,74,66,24.5,4.7,6.5,0.725,0,0,,4.7,6.5,0.725,0.725,1.6,2.4,0.674,2.6,5,7.6,1.6,0.9,2.1,1,3.1,11,13394160.00,,Jalen Suggs,"$9,188,385 ",,,
155,Daniel Gafford,25,WAS,C,45,45,26.5,4.5,6.5,0.69,0,0,,4.5,6.5,0.69,0.69,1.9,2.6,0.706,2.9,5.1,8,1.5,1,2.2,1,3.3,10.9,13394160.00,,Caleb Martin,"$9,186,594 ",,,
155,Daniel Gafford,25,DAL,PF,29,21,21.5,5,6.4,0.78,0,0,,5,6.4,0.78,0.78,1.2,1.9,0.607,2.2,4.7,6.9,1.6,0.7,1.9,1,2.8,11.2,13394160.00,,Gary Payton II,"$9,130,000 ",,,
156,Wendell Carter Jr.,24,ORL,C,55,48,25.6,4.1,7.7,0.525,1.2,3.1,0.374,2.9,4.6,0.626,0.6,1.7,2.4,0.694,2,4.9,6.9,1.7,0.6,0.5,1.2,2.2,11,11950000.00,,Stephon Castle,"$9,105,120 ",,,
157,Eric Gordon,35,PHO,SG,68,24,27.8,4,9.1,0.443,2.2,5.8,0.378,1.8,3.3,0.561,0.565,0.8,0.9,0.797,0.2,1.6,1.8,2,1,0.4,1.1,1.2,11,3303771.00,,Tre Jones,"$9,104,167 ",,,
158,Herbert Jones,25,NOP,SF,76,76,30.5,3.9,7.7,0.498,1.5,3.6,0.418,2.4,4.1,0.568,0.595,1.8,2.1,0.867,1,2.6,3.6,2.6,1.4,0.8,1.2,2.9,11,12976362.00,,Goga Bitadze,"$9,057,971 ",,,
159,Luke Kennard,27,MEM,SG,39,22,25.6,3.6,8.1,0.448,2.7,6.1,0.45,0.9,2,0.442,0.617,1,1.2,0.889,0.3,2.6,2.9,3.5,0.5,0.1,1.4,1,11,9250000.00,,Zeke Nnaji,"$8,888,889 ",,,
160,Luguentz Dort,24,OKC,SF,79,79,28.4,3.6,8.3,0.438,2,5,0.394,1.7,3.3,0.506,0.557,1.6,2,0.826,0.9,2.7,3.6,1.4,0.9,0.6,0.9,2.9,10.9,16500000.00,,Keegan Murray,"$8,809,560 ",,,
161,Jusuf Nurkić,29,PHO,C,76,76,27.3,4.2,8.3,0.51,0.3,1.2,0.244,3.9,7.1,0.555,0.528,2.2,3.4,0.64,2.9,8.1,11,4,1.1,1.1,2.3,3.3,10.9,18125000.00,,Buddy Hield,"$8,780,488 ",,,
162,Isaiah Stewart,22,DET,PF,46,45,30.9,4,8.3,0.487,1.5,3.8,0.383,2.6,4.5,0.575,0.575,1.4,1.8,0.753,1.6,5,6.6,1.6,0.4,0.8,1.4,2.2,10.9,15000000.00,,Kyle Anderson,"$8,780,488 ",,,
163,Moritz Wagner,26,ORL,C,80,1,17.7,4.2,6.9,0.601,0.5,1.4,0.33,3.7,5.5,0.673,0.636,2.1,2.6,0.814,1.5,2.9,4.3,1.2,0.5,0.3,1.2,2,10.9,11000000.00,,Jalen Smith,"$8,571,429 ",,,
164,Bruce Brown,27,2TM,SG,67,44,27.9,4.1,8.7,0.478,0.8,2.4,0.323,3.4,6.2,0.538,0.523,1.7,2.1,0.824,0.8,3.4,4.2,2.9,0.9,0.3,1.3,2.2,10.8,23000000.00,,Naji Marshall,"$8,571,429 ",,,
164,Bruce Brown,27,IND,SG,33,33,29.7,4.5,9.5,0.475,1,3.1,0.327,3.5,6.5,0.545,0.527,2,2.5,0.817,0.8,3.9,4.7,3,1.1,0.2,1.2,2.5,12.1,23000000.00,,Georges Niang,"$8,500,000 ",,,
164,Bruce Brown,27,TOR,PG,34,11,26,3.8,7.9,0.481,0.6,1.9,0.317,3.2,6,0.532,0.519,1.5,1.8,0.833,0.8,3,3.8,2.7,0.7,0.3,1.3,2,9.6,23000000.00,,Ausar Thompson,"$8,376,291 ",,,
165,Jake LaRavia,22,MEM,PF,35,6,23,3.4,8.7,0.389,1.5,4.5,0.34,1.9,4.2,0.442,0.477,2.6,3.1,0.826,1.5,2.2,3.7,1.7,0.8,0.3,1.3,2,10.8,3352680.00,,Josh Giddey,"$8,352,367 ",,,
166,Santi Aldama,23,MEM,PF,61,35,26.5,4,9.3,0.435,1.7,5,0.349,2.3,4.3,0.534,0.528,0.9,1.4,0.621,1.2,4.6,5.8,2.3,0.7,0.9,1.1,1.5,10.7,3960531.00,,Josh Okogie,"$8,250,000 ",,,
167,Simone Fontecchio,28,2TM,SF,66,43,24.9,3.8,8.3,0.46,2,5.1,0.401,1.8,3.2,0.551,0.582,0.8,1,0.818,1,2.8,3.7,1.5,0.7,0.3,1,1.7,10.5,7692308.00,,Ron Holland,"$8,245,320 ",,,
167,Simone Fontecchio,28,UTA,SF,50,34,23.2,3.2,7.2,0.45,1.8,4.7,0.391,1.4,2.5,0.56,0.577,0.6,0.8,0.8,1,2.5,3.5,1.5,0.6,0.4,1,1.6,8.9,7692308.00,,Cody Martin,"$8,120,000 ",,,
167,Simone Fontecchio,28,DET,SF,16,9,30.3,5.7,11.9,0.479,2.7,6.3,0.426,3,5.6,0.539,0.592,1.4,1.6,0.846,0.8,3.6,4.4,1.8,0.9,0.3,1.1,1.8,15.4,7692308.00,,Jock Landale,"$8,000,000 ",,,
168,Spencer Dinwiddie,30,2TM,PG,76,52,28.3,3.3,8.4,0.392,1.6,4.8,0.337,1.7,3.6,0.467,0.489,2.2,2.8,0.805,0.4,2.3,2.7,4.7,0.7,0.3,1.2,1.8,10.5,3303771.00,,Kevon Looney,"$8,000,000 ",,,
168,Spencer Dinwiddie,30,BRK,PG,48,48,30.7,4.1,10.4,0.391,1.9,5.8,0.32,2.2,4.6,0.48,0.48,2.6,3.3,0.781,0.5,2.8,3.3,6,0.8,0.2,1.3,1.8,12.6,3303771.00,,Jeff Green,"$8,000,000 ",,,
168,Spencer Dinwiddie,30,LAL,PG,28,4,24.2,2,5,0.397,1.3,3.2,0.389,0.8,1.8,0.412,0.521,1.6,1.8,0.88,0.1,1.5,1.7,2.4,0.5,0.5,1,1.9,6.8,3303771.00,,Trey Lyles,"$8,000,000 ",,,
169,Jaden McDaniels,23,MIN,SF,72,71,29.2,4.3,8.7,0.489,1.2,3.5,0.337,3.1,5.2,0.592,0.557,0.8,1.1,0.722,0.8,2.3,3.1,1.4,0.9,0.6,1.2,3,10.5,23017242.00,,Kelly Oubre,"$7,983,000 ",,,
170,Alec Burks,32,2TM,SG,66,1,18.4,3.2,8.6,0.369,1.9,5,0.376,1.3,3.6,0.36,0.478,2.2,2.5,0.868,0.4,1.9,2.3,1.3,0.4,0.2,0.7,1.1,10.4,3303771.00,,Jaden Ivey,"$7,977,240 ",,,
170,Alec Burks,32,DET,SG,43,0,21,3.7,9.4,0.394,2.3,5.7,0.401,1.4,3.7,0.384,0.516,2.8,3.1,0.903,0.4,2.2,2.6,1.6,0.5,0.3,0.7,1.5,12.6,3303771.00,,KJ Martin,"$7,975,000 ",,,
170,,,,,,,,,,,,,,,,,,,,,,,,,,,,,,,,Vasilije Micic,"$7,723,000 ",,,
171,,,,,,,,,,,,,,,,,,,,,,,,,,,,,,,,Simone Fontecchio,"$7,692,308 ",,,
171,,,,,,,,,,,,,,,,,,,,,,,,,,,,,,,,Jonathan Kuminga,"$7,636,307 ",,,
171,,,,,,,,,,,,,,,,,,,,,,,,,,,,,,,,Anthony Black,"$7,607,754 ",,,
172,,,,,,,,,,,,,,,,,,,,,,,,,,,,,,,,Jae'Sean Tate,"$7,565,217 ",,,
172,,,,,,,,,,,,,,,,,,,,,,,,,,,,,,,,Gary Harris,"$7,500,000 ",,,
172,,,,,,,,,,,,,,,,,,,,,,,,,,,,,,,,Tidjane Salaun,"$7,488,720 ",,,
173,,,,,,,,,,,,,,,,,,,,,,,,,,,,,,,,Bennedict Mathurin,"$7,245,720 ",,,
174,,,,,,,,,,,,,,,,,,,,,,,,,,,,,,,,Max Christie,"$7,142,857 ",,,
175,,,,,,,,,,,,,,,,,,,,,,,,,,,,,,,,Franz Wagner,"$7,007,092 ",,,
176,,,,,,,,,,,,,,,,,,,,,,,,,,,,,,,,Ayo Dosunmu,"$7,000,000 ",,,
177,,,,,,,,,,,,,,,,,,,,,,,,,,,,,,,,Bilal Coulibaly,"$6,945,240 ",,,
178,,,,,,,,,,,,,,,,,,,,,,,,,,,,,,,,Donovan Clingan,"$6,836,400 ",,,
179,,,,,,,,,,,,,,,,,,,,,,,,,,,,,,,,Payton Pritchard,"$6,696,429 ",,,
180,,,,,,,,,,,,,,,,,,,,,,,,,,,,,,,,Kenrich Williams,"$6,669,000 ",,,
181,,,,,,,,,,,,,,,,,,,,,,,,,,,,,,,,Shaedon Sharpe,"$6,614,160 ",,,
182,,,,,,,,,,,,,,,,,,,,,,,,,,,,,,,,Jevon Carter,"$6,500,000 ",,,
183,,,,,,,,,,,,,,,,,,,,,,,,,,,,,,,,Davion Mitchell,"$6,451,077 ",,,
184,,,,,,,,,,,,,,,,,,,,,,,,,,,,,,,,Saddiq Bey,"$6,440,678 ",,,
185,,,,,,,,,,,,,,,,,,,,,,,,,,,,,,,,Jarace Walker,"$6,362,433 ",,,
186,,,,,,,,,,,,,,,,,,,,,,,,,,,,,,,,Rob Dillingham,"$6,262,920 ",,,
187,,,,,,,,,,,,,,,,,,,,,,,,,,,,,,,,Dean Wade,"$6,166,667 ",,,
187,,,,,,,,,,,,,,,,,,,,,,,,,,,,,,,,John Konchar,"$6,165,000 ",,,
187,,,,,,,,,,,,,,,,,,,,,,,,,,,,,,,,Ziaire Williams,"$6,133,005 ",,,
188,,,,,,,,,,,,,,,,,,,,,,,,,,,,,,,,Dyson Daniels,"$6,059,520 ",,,
188,,,,,,,,,,,,,,,,,,,,,,,,,,,,,,,,Malik Beasley,"$6,000,000 ",,,
188,,,,,,,,,,,,,,,,,,,,,,,,,,,,,,,,Precious Achiuwa,"$6,000,000 ",,,
189,,,,,,,,,,,,,,,,,,,,,,,,,,,,,,,,Chris Duarte,"$5,893,768 ",,,
190,,,,,,,,,,,,,,,,,,,,,,,,,,,,,,,,Taylor Hendricks,"$5,848,366 ",,,
191,,,,,,,,,,,,,,,,,,,,,,,,,,,,,,,,Moses Moody,"$5,803,269 ",,,
192,,,,,,,,,,,,,,,,,,,,,,,,,,,,,,,,Zach Edey,"$5,756,880 ",,,
193,,,,,,,,,,,,,,,,,,,,,,,,,,,,,,,,Corey Kispert,"$5,705,887 ",,,
194,,,,,,,,,,,,,,,,,,,,,,,,,,,,,,,,Russell Westbrook,"$5,631,296 ",,,
195,,,,,,,,,,,,,,,,,,,,,,,,,,,,,,,,Jeremy Sochan,"$5,570,040 ",,,
196,,,,,,,,,,,,,,,,,,,,,,,,,,,,,,,,Cason Wallace,"$5,555,920 ",,,
197,,,,,,,,,,,,,,,,,,,,,,,,,,,,,,,,Cody Williams,"$5,469,120 ",,,
197,,,,,,,,,,,,,,,,,,,,,,,,,,,,,,,,Alperen Sengun,"$5,424,654 ",,,
197,,,,,,,,,,,,,,,,,,,,,,,,,,,,,,,,Johnny Davis,"$5,291,160 ",,,
198,,,,,,,,,,,,,,,,,,,,,,,,,,,,,,,,Jett Howard,"$5,278,165 ",,,
199,,,,,,,,,,,,,,,,,,,,,,,,,,,,,,,,Davis Bertans,"$5,250,000 ",,,
200,,,,,,,,,,,,,,,,,,,,,,,,,,,,,,,,Reggie Jackson,"$5,250,000 ",,,
201,,,,,,,,,,,,,,,,,,,,,,,,,,,,,,,,Haywood Highsmith,"$5,200,000 ",,,
202,,,,,,,,,,,,,,,,,,,,,,,,,,,,,,,,Matas Buzelis,"$5,195,520 ",,,
203,,,,,,,,,,,,,,,,,,,,,,,,,,,,,,,,Dario Saric,"$5,168,000 ",,,
204,,,,,,,,,,,,,,,,,,,,,,,,,,,,,,,,Kris Dunn,"$5,168,000 ",,,
205,,,,,,,,,,,,,,,,,,,,,,,,,,,,,,,,Trey Murphy,"$5,159,854 ",,,
206,,,,,,,,,,,,,,,,,,,,,,,,,,,,,,,,Ousmane Dieng,"$5,027,040 ",,,
207,,,,,,,,,,,,,,,,,,,,,,,,,,,,,,,,Dereck Lively,"$5,014,409 ",,,
208,,,,,,,,,,,,,,,,,,,,,,,,,,,,,,,,Andre Drummond,"$5,000,000 ",,,
209,,,,,,,,,,,,,,,,,,,,,,,,,,,,,,,,Nick Richards,"$5,000,000 ",,,
210,,,,,,,,,,,,,,,,,,,,,,,,,,,,,,,,Drew Eubanks,"$5,000,000 ",,,
211,,,,,,,,,,,,,,,,,,,,,,,,,,,,,,,,Nikola Topic,"$4,935,960 ",,,
212,,,,,,,,,,,,,,,,,,,,,,,,,,,,,,,,Tre Mann,"$4,908,373 ",,,
213,,,,,,,,,,,,,,,,,,,,,,,,,,,,,,,,Jalen McDaniels,"$4,881,191 ",,,
214,,,,,,,,,,,,,,,,,,,,,,,,,,,,,,,,Jaden Springer,"$4,777,088 ",,,
215,,,,,,,,,,,,,,,,,,,,,,,,,,,,,,,,Jalen Williams,"$4,775,760 ",,,
216,,,,,,,,,,,,,,,,,,,,,,,,,,,,,,,,Gradey Dick,"$4,763,543 ",,,
217,,,,,,,,,,,,,,,,,,,,,,,,,,,,,,,,Miles McBride,"$4,710,144 ",,,
218,,,,,,,,,,,,,,,,,,,,,,,,,,,,,,,,Devin Carter,"$4,689,000 ",,,
219,,,,,,,,,,,,,,,,,,,,,,,,,,,,,,,,Nicolas Batum,"$4,668,000 ",,,
220,,,,,,,,,,,,,,,,,,,,,,,,,,,,,,,,Aaron Holiday,"$4,668,000 ",,,
221,,,,,,,,,,,,,,,,,,,,,,,,,,,,,,,,Jalen Duren,"$4,536,840 ",,,
222,,,,,,,,,,,,,,,,,,,,,,,,,,,,,,,,Jordan Hawkins,"$4,525,706 ",,,
223,,,,,,,,,,,,,,,,,,,,,,,,,,,,,,,,Jalen Johnson,"$4,510,905 ",,,
223,,,,,,,,,,,,,,,,,,,,,,,,,,,,,,,,Alex Len,"$4,480,977 ",,,
223,,,,,,,,,,,,,,,,,,,,,,,,,,,,,,,,Carlton Carrington,"$4,454,880 ",,,
224,,,,,,,,,,,,,,,,,,,,,,,,,,,,,,,,Isaiah Jackson,"$4,435,380 ",,,
225,,,,,,,,,,,,,,,,,,,,,,,,,,,,,,,,Nickeil Alexander-Walker,"$4,312,500 ",,,
226,,,,,,,,,,,,,,,,,,,,,,,,,,,,,,,,Ochai Agbaji,"$4,310,280 ",,,
227,,,,,,,,,,,,,,,,,,,,,,,,,,,,,,,,Bones Hyland,"$4,306,427 ",,,
228,,,,,,,,,,,,,,,,,,,,,,,,,,,,,,,,Kobe Bufkin,"$4,298,956 ",,,
229,,,,,,,,,,,,,,,,,,,,,,,,,,,,,,,,Quentin Grimes,"$4,296,682 ",,,
230,,,,,,,,,,,,,,,,,,,,,,,,,,,,,,,,Kel'el Ware,"$4,231,800 ",,,
231,,,,,,,,,,,,,,,,,,,,,,,,,,,,,,,,Mark Williams,"$4,094,280 ",,,
232,,,,,,,,,,,,,,,,,,,,,,,,,,,,,,,,Keyonte George,"$4,084,265 ",,,
233,,,,,,,,,,,,,,,,,,,,,,,,,,,,,,,,Cam Thomas,"$4,041,249 ",,,
234,,,,,,,,,,,,,,,,,,,,,,,,,,,,,,,,Jalen Hood-Schifino,"$4,021,384 ",,,
235,,,,,,,,,,,,,,,,,,,,,,,,,,,,,,,,Jared McCain,"$4,020,360 ",,,
235,,,,,,,,,,,,,,,,,,,,,,,,,,,,,,,,Paul Reed,"$4,015,938 ",,,
235,,,,,,,,,,,,,,,,,,,,,,,,,,,,,,,,Dwight Powell,"$4,000,000 ",,,
236,,,,,,,,,,,,,,,,,,,,,,,,,,,,,,,,Day'Ron Sharpe,"$3,989,122 ",,,
237,,,,,,,,,,,,,,,,,,,,,,,,,,,,,,,,Santiago Aldama,"$3,960,531 ",,,
238,,,,,,,,,,,,,,,,,,,,,,,,,,,,,,,,Amir Coffey,"$3,938,271 ",,,
238,,,,,,,,,,,,,,,,,,,,,,,,,,,,,,,,Torrey Craig,"$3,891,631 ",,,
238,,,,,,,,,,,,,,,,,,,,,,,,,,,,,,,,Kevin Love,"$3,850,000 ",,,
239,,,,,,,,,,,,,,,,,,,,,,,,,,,,,,,,Dalton Knecht,"$3,819,120 ",,,
240,,,,,,,,,,,,,,,,,,,,,,,,,,,,,,,,Tari Eason,"$3,695,160 ",,,
241,,,,,,,,,,,,,,,,,,,,,,,,,,,,,,,,Jaime Jaquez,"$3,685,800 ",,,
242,,,,,,,,,,,,,,,,,,,,,,,,,,,,,,,,Tristan da Silva,"$3,628,440 ",,,
242,,,,,,,,,,,,,,,,,,,,,,,,,,,,,,,,Brandin Podziemski,"$3,519,960 ",,,
242,,,,,,,,,,,,,,,,,,,,,,,,,,,,,,,,Dalen Terry,"$3,510,480 ",,,
243,,,,,,,,,,,,,,,,,,,,,,,,,,,,,,,,Sviatoslav Mykhailiuk,"$3,500,000 ",,,
244,,,,,,,,,,,,,,,,,,,,,,,,,,,,,,,,Cody Zeller,"$3,500,000 ",,,
245,,,,,,,,,,,,,,,,,,,,,,,,,,,,,,,,Ja'Kobe Walter,"$3,465,000 ",,,
246,,,,,,,,,,,,,,,,,,,,,,,,,,,,,,,,Cameron Whitmore,"$3,379,068 ",,,
247,,,,,,,,,,,,,,,,,,,,,,,,,,,,,,,,Jake LaRavia,"$3,352,680 ",,,
247,,,,,,,,,,,,,,,,,,,,,,,,,,,,,,,,Ajay Mitchell,"$3,347,451 ",,,
247,,,,,,,,,,,,,,,,,,,,,,,,,,,,,,,,Jaylon Tyson,"$3,326,160 ",,,
248,,,,,,,,,,,,,,,,,,,,,,,,,,,,,,,,Eric Gordon,"$3,303,771 ",,,
249,,,,,,,,,,,,,,,,,,,,,,,,,,,,,,,,Seth Curry,"$3,303,771 ",,,
250,,,,,,,,,,,,,,,,,,,,,,,,,,,,,,,,Taj Gibson,"$3,303,771 ",,,
251,,,,,,,,,,,,,,,,,,,,,,,,,,,,,,,,Tristan Thompson,"$3,303,771 ",,,
252,,,,,,,,,,,,,,,,,,,,,,,,,,,,,,,,Spencer Dinwiddie,"$3,303,771 ",,,
253,,,,,,,,,,,,,,,,,,,,,,,,,,,,,,,,DeAndre Jordan,"$3,303,771 ",,,
254,,,,,,,,,,,,,,,,,,,,,,,,,,,,,,,,James Johnson,"$3,303,771 ",,,
255,,,,,,,,,,,,,,,,,,,,,,,,,,,,,,,,Patrick Mills,"$3,303,771 ",,,
255,,,,,,,,,,,,,,,,,,,,,,,,,,,,,,,,Markieff Morris,"$3,303,771 ",,,
255,,,,,,,,,,,,,,,,,,,,,,,,,,,,,,,,Alec Burks,"$3,303,771 ",,,
256,,,,,,,,,,,,,,,,,,,,,,,,,,,,,,,,Joe Ingles,"$3,303,771 ",,,
256,,,,,,,,,,,,,,,,,,,,,,,,,,,,,,,,Cory Joseph,"$3,303,771 ",,,
256,,,,,,,,,,,,,,,,,,,,,,,,,,,,,,,,Kyle Lowry,"$3,303,771 ",,,
257,,,,,,,,,,,,,,,,,,,,,,,,,,,,,,,,Mason Plumlee,"$3,303,771 ",,,
257,,,,,,,,,,,,,,,,,,,,,,,,,,,,,,,,Doug McDermott,"$3,303,771 ",,,
257,,,,,,,,,,,,,,,,,,,,,,,,,,,,,,,,Garrett Temple,"$3,303,771 ",,,
258,,,,,,,,,,,,,,,,,,,,,,,,,,,,,,,,David Roddy,"$3,269,623 ",,,
259,,,,,,,,,,,,,,,,,,,,,,,,,,,,,,,,Noah Clowney,"$3,244,080 ",,,
259,,,,,,,,,,,,,,,,,,,,,,,,,,,,,,,,Kevin Porter,"$3,237,691 ",,,
259,,,,,,,,,,,,,,,,,,,,,,,,,,,,,,,,Malaki Branham,"$3,217,920 ",,,
260,,,,,,,,,,,,,,,,,,,,,,,,,,,,,,,,Yves Missi,"$3,193,200 ",,,
261,,,,,,,,,,,,,,,,,,,,,,,,,,,,,,,,Dante Exum,"$3,150,000 ",,,
262,,,,,,,,,,,,,,,,,,,,,,,,,,,,,,,,Dariq Whitehead,"$3,114,342 ",,,
263,,,,,,,,,,,,,,,,,,,,,,,,,,,,,,,,Nassir Little,"$3,107,143 ",,,
264,,,,,,,,,,,,,,,,,,,,,,,,,,,,,,,,Christian Braun,"$3,089,640 ",,,
265,,,,,,,,,,,,,,,,,,,,,,,,,,,,,,,,Johnny Juzang,"$3,087,519 ",,,
266,,,,,,,,,,,,,,,,,,,,,,,,,,,,,,,,DaRon Holmes,"$3,065,640 ",,,
267,,,,,,,,,,,,,,,,,,,,,,,,,,,,,,,,Josh Richardson,"$3,051,153 ",,,
267,,,,,,,,,,,,,,,,,,,,,,,,,,,,,,,,Christian Wood,"$3,036,040 ",,,
267,,,,,,,,,,,,,,,,,,,,,,,,,,,,,,,,Cameron Payne,"$3,003,427 ",,,
268,,,,,,,,,,,,,,,,,,,,,,,,,,,,,,,,Delon Wright,"$3,003,427 ",,,
269,,,,,,,,,,,,,,,,,,,,,,,,,,,,,,,,Tyus Jones,"$3,003,427 ",,,
270,,,,,,,,,,,,,,,,,,,,,,,,,,,,,,,,Julian Champagnie,"$3,000,000 ",,,
271,,,,,,,,,,,,,,,,,,,,,,,,,,,,,,,,Kyle Filipowski,"$3,000,000 ",,,
272,,,,,,,,,,,,,,,,,,,,,,,,,,,,,,,,Kris Murray,"$2,990,040 ",,,
273,,,,,,,,,,,,,,,,,,,,,,,,,,,,,,,,Taurean Prince,"$2,988,550 ",,,
274,,,,,,,,,,,,,,,,,,,,,,,,,,,,,,,,Walker Kessler,"$2,965,920 ",,,
274,,,,,,,,,,,,,,,,,,,,,,,,,,,,,,,,Shake Milton,"$2,875,000 ",,,
274,,,,,,,,,,,,,,,,,,,,,,,,,,,,,,,,Olivier-Maxence Prosper,"$2,870,406 ",,,
275,,,,,,,,,,,,,,,,,,,,,,,,,,,,,,,,MarJon Beauchamp,"$2,865,623 ",,,
276,,,,,,,,,,,,,,,,,,,,,,,,,,,,,,,,Devonte Graham,"$2,850,000 ",,,
277,,,,,,,,,,,,,,,,,,,,,,,,,,,,,,,,Kyshawn George,"$2,825,520 ",,,
278,,,,,,,,,,,,,,,,,,,,,,,,,,,,,,,,Luke Kornet,"$2,800,834 ",,,
279,,,,,,,,,,,,,,,,,,,,,,,,,,,,,,,,Daniel Theis,"$2,800,834 ",,,
280,,,,,,,,,,,,,,,,,,,,,,,,,,,,,,,,Damion Lee,"$2,800,834 ",,,
280,,,,,,,,,,,,,,,,,,,,,,,,,,,,,,,,Monte Morris,"$2,800,834 ",,,
280,,,,,,,,,,,,,,,,,,,,,,,,,,,,,,,,AJ Johnson,"$2,795,294 ",,,
281,,,,,,,,,,,,,,,,,,,,,,,,,,,,,,,,Mo Bamba,"$2,763,299 ",,,
281,,,,,,,,,,,,,,,,,,,,,,,,,,,,,,,,Marcus Sasser,"$2,755,229 ",,,
281,,,,,,,,,,,,,,,,,,,,,,,,,,,,,,,,Trendon Watford,"$2,726,603 ",,,
282,,,,,,,,,,,,,,,,,,,,,,,,,,,,,,,,Wendell Moore,"$2,723,634 ",,,
282,,,,,,,,,,,,,,,,,,,,,,,,,,,,,,,,Ben Sheppard,"$2,664,031 ",,,
282,,,,,,,,,,,,,,,,,,,,,,,,,,,,,,,,Keita Bates-Diop,"$2,654,644 ",,,
283,,,,,,,,,,,,,,,,,,,,,,,,,,,,,,,,Blake Wesley,"$2,624,280 ",,,
284,,,,,,,,,,,,,,,,,,,,,,,,,,,,,,,,Dillon Jones,"$2,622,360 ",,,
285,,,,,,,,,,,,,,,,,,,,,,,,,,,,,,,,Jae Crowder,"$2,620,232 ",,,
286,,,,,,,,,,,,,,,,,,,,,,,,,,,,,,,,Gary Trent Jr,"$2,613,120 ",,,
286,,,,,,,,,,,,,,,,,,,,,,,,,,,,,,,,Patrick Baldwin,"$2,590,394 ",,,
286,,,,,,,,,,,,,,,,,,,,,,,,,,,,,,,,Nick Smith,"$2,587,108 ",,,
287,,,,,,,,,,,,,,,,,,,,,,,,,,,,,,,,Brice Sensabaugh,"$2,571,030 ",,,
288,,,,,,,,,,,,,,,,,,,,,,,,,,,,,,,,Ty Jerome,"$2,560,975 ",,,
289,,,,,,,,,,,,,,,,,,,,,,,,,,,,,,,,Julian Strawther,"$2,552,596 ",,,
290,,,,,,,,,,,,,,,,,,,,,,,,,,,,,,,,Terrence Shannon Jr.,"$2,546,640 ",,,
291,,,,,,,,,,,,,,,,,,,,,,,,,,,,,,,,Kobe Brown,"$2,534,024 ",,,
291,,,,,,,,,,,,,,,,,,,,,,,,,,,,,,,,Ryan Dunn,"$2,530,800 ",,,
291,,,,,,,,,,,,,,,,,,,,,,,,,,,,,,,,Isaiah Collier,"$2,512,680 ",,,
292,,,,,,,,,,,,,,,,,,,,,,,,,,,,,,,,Baylor Scheierman,"$2,494,320 ",,,
292,,,,,,,,,,,,,,,,,,,,,,,,,,,,,,,,Nikola Jovic,"$2,464,200 ",,,
292,,,,,,,,,,,,,,,,,,,,,,,,,,,,,,,,Jaxson Hayes,"$2,463,946 ",,,
293,,,,,,,,,,,,,,,,,,,,,,,,,,,,,,,,Cam Reddish,"$2,463,946 ",,,
293,,,,,,,,,,,,,,,,,,,,,,,,,,,,,,,,DaQuan Jeffries,"$2,425,403 ",,,
293,,,,,,,,,,,,,,,,,,,,,,,,,,,,,,,,Talen Horton-Tucker,"$2,425,403 ",,,
294,,,,,,,,,,,,,,,,,,,,,,,,,,,,,,,,Javonte Green,"$2,425,403 ",,,
295,,,,,,,,,,,,,,,,,,,,,,,,,,,,,,,,Vlatko Cancar,"$2,425,403 ",,,
296,,,,,,,,,,,,,,,,,,,,,,,,,,,,,,,,Bol Bol,"$2,425,403 ",,,
297,,,,,,,,,,,,,,,,,,,,,,,,,,,,,,,,Jordan McLaughlin,"$2,425,403 ",,,
298,,,,,,,,,,,,,,,,,,,,,,,,,,,,,,,,Peyton Watson,"$2,413,560 ",,,
299,,,,,,,,,,,,,,,,,,,,,,,,,,,,,,,,Charlie Brown,"$2,237,692 ",,,
300,,,,,,,,,,,,,,,,,,,,,,,,,,,,,,,,Xavier Tillman,"$2,237,691 ",,,
301,,,,,,,,,,,,,,,,,,,,,,,,,,,,,,,,Anthony Gill,"$2,237,691 ",,,
301,,,,,,,,,,,,,,,,,,,,,,,,,,,,,,,,James Wiseman,"$2,237,691 ",,,
301,,,,,,,,,,,,,,,,,,,,,,,,,,,,,,,,Garrison Mathews,"$2,230,253 ",,,
302,,,,,,,,,,,,,,,,,,,,,,,,,,,,,,,,Justin Champagnie,"$2,224,662 ",,,
303,,,,,,,,,,,,,,,,,,,,,,,,,,,,,,,,JaVale McGee,"$2,208,856 ",,,
304,,,,,,,,,,,,,,,,,,,,,,,,,,,,,,,,Lindy Waters III,"$2,196,970 ",,,
304,,,,,,,,,,,,,,,,,,,,,,,,,,,,,,,,Jeremiah Robinson-Earl,"$2,196,970 ",,,
304,,,,,,,,,,,,,,,,,,,,,,,,,,,,,,,,Dalano Banton,"$2,196,970 ",,,
305,,,,,,,,,,,,,,,,,,,,,,,,,,,,,,,,Sam Merrill,"$2,164,993 ",,,
306,,,,,,,,,,,,,,,,,,,,,,,,,,,,,,,,Duane Washington Jr,"$2,162,607 ",,,
307,,,,,,,,,,,,,,,,,,,,,,,,,,,,,,,,Vit Krejci,"$2,162,606 ",,,
307,,,,,,,,,,,,,,,,,,,,,,,,,,,,,,,,Neemias Queta,"$2,162,606 ",,,
307,,,,,,,,,,,,,,,,,,,,,,,,,,,,,,,,Keon Johnson,"$2,162,606 ",,,
307,,,,,,,,,,,,,,,,,,,,,,,,,,,,,,,,Luka Garza,"$2,162,606 ",,,
308,,,,,,,,,,,,,,,,,,,,,,,,,,,,,,,,Charles Bassey,"$2,162,606 ",,,
309,,,,,,,,,,,,,,,,,,,,,,,,,,,,,,,,Sandro Mamukelashvili,"$2,162,606 ",,,
310,,,,,,,,,,,,,,,,,,,,,,,,,,,,,,,,Vince Williams Jr,"$2,120,693 ",,,
311,,,,,,,,,,,,,,,,,,,,,,,,,,,,,,,,AJ Green,"$2,120,693 ",,,
312,,,,,,,,,,,,,,,,,,,,,,,,,,,,,,,,Colby Jones,"$2,120,693 ",,,
313,,,,,,,,,,,,,,,,,,,,,,,,,,,,,,,,Keon Ellis,"$2,120,693 ",,,
314,,,,,,,,,,,,,,,,,,,,,,,,,,,,,,,,Sidy Cissoko,"$2,100,971 ",,,
314,,,,,,,,,,,,,,,,,,,,,,,,,,,,,,,,Sam Hauser,"$2,092,344 ",,,
314,,,,,,,,,,,,,,,,,,,,,,,,,,,,,,,,Jericho Sims,"$2,092,344 ",,,
314,,,,,,,,,,,,,,,,,,,,,,,,,,,,,,,,Jay Huff,"$2,088,033 ",,,
315,,,,,,,,,,,,,,,,,,,,,,,,,,,,,,,,Scotty Pippen Jr,"$2,087,519 ",,,
315,,,,,,,,,,,,,,,,,,,,,,,,,,,,,,,,Tyler Kolek,"$2,087,519 ",,,
315,,,,,,,,,,,,,,,,,,,,,,,,,,,,,,,,Guerschon Yabusele,"$2,087,519 ",,,
316,,,,,,,,,,,,,,,,,,,,,,,,,,,,,,,,Duop Reath,"$2,048,780 ",,,
317,,,,,,,,,,,,,,,,,,,,,,,,,,,,,,,,Andrew Nembhard,"$2,019,699 ",,,
318,,,,,,,,,,,,,,,,,,,,,,,,,,,,,,,,Jaden Hardy,"$2,019,699 ",,,
319,,,,,,,,,,,,,,,,,,,,,,,,,,,,,,,,Kennedy Chandler,"$2,019,699 ",,,
320,,,,,,,,,,,,,,,,,,,,,,,,,,,,,,,,Josh Minott,"$2,019,699 ",,,
321,,,,,,,,,,,,,,,,,,,,,,,,,,,,,,,,Jaylin Williams,"$2,019,699 ",,,
322,,,,,,,,,,,,,,,,,,,,,,,,,,,,,,,,Caleb Houstan,"$2,019,699 ",,,
323,,,,,,,,,,,,,,,,,,,,,,,,,,,,,,,,Jabari Walker,"$2,019,699 ",,,
324,,,,,,,,,,,,,,,,,,,,,,,,,,,,,,,,Jose Alvarado,"$1,988,598 ",,,
325,,,,,,,,,,,,,,,,,,,,,,,,,,,,,,,,Julian Phillips,"$1,891,857 ",,,
326,,,,,,,,,,,,,,,,,,,,,,,,,,,,,,,,Craig Porter,"$1,891,857 ",,,
327,,,,,,,,,,,,,,,,,,,,,,,,,,,,,,,,Jalen Pickett,"$1,891,857 ",,,
327,,,,,,,,,,,,,,,,,,,,,,,,,,,,,,,,Hunter Tyson,"$1,891,857 ",,,
327,,,,,,,,,,,,,,,,,,,,,,,,,,,,,,,,GG Jackson,"$1,891,857 ",,,
328,,,,,,,,,,,,,,,,,,,,,,,,,,,,,,,,Andre Jackson Jr,"$1,891,857 ",,,
328,,,,,,,,,,,,,,,,,,,,,,,,,,,,,,,,Chris Livingston,"$1,891,857 ",,,
328,,,,,,,,,,,,,,,,,,,,,,,,,,,,,,,,Leonard Miller,"$1,891,857 ",,,
329,,,,,,,,,,,,,,,,,,,,,,,,,,,,,,,,Ricky Council,"$1,891,857 ",,,
329,,,,,,,,,,,,,,,,,,,,,,,,,,,,,,,,Mouhamed Gueye,"$1,891,857 ",,,
329,,,,,,,,,,,,,,,,,,,,,,,,,,,,,,,,Jordan Walsh,"$1,891,857 ",,,
330,,,,,,,,,,,,,,,,,,,,,,,,,,,,,,,,Maxwell Lewis,"$1,891,857 ",,,
331,,,,,,,,,,,,,,,,,,,,,,,,,,,,,,,,Jalen Wilson,"$1,891,857 ",,,
332,,,,,,,,,,,,,,,,,,,,,,,,,,,,,,,,Trayce Jackson-Davis,"$1,891,857 ",,,
333,,,,,,,,,,,,,,,,,,,,,,,,,,,,,,,,Gui Santos,"$1,891,857 ",,,
334,,,,,,,,,,,,,,,,,,,,,,,,,,,,,,,,Toumani Camara,"$1,891,857 ",,,
334,,,,,,,,,,,,,,,,,,,,,,,,,,,,,,,,Rayan Rupert,"$1,891,857 ",,,
334,,,,,,,,,,,,,,,,,,,,,,,,,,,,,,,,Oso Ighodaro,"$1,862,265 ",,,
335,,,,,,,,,,,,,,,,,,,,,,,,,,,,,,,,Jonathan Mogbo,"$1,862,265 ",,,
336,,,,,,,,,,,,,,,,,,,,,,,,,,,,,,,,Jamal Shead,"$1,862,265 ",,,
337,,,,,,,,,,,,,,,,,,,,,,,,,,,,,,,,Izaiah Brockington,"$1,862,265 ",,,
338,,,,,,,,,,,,,,,,,,,,,,,,,,,,,,,,Johnny Furphy,"$1,850,842 ",,,
338,,,,,,,,,,,,,,,,,,,,,,,,,,,,,,,,Pacome Dadiet,"$1,808,080 ",,,
338,,,,,,,,,,,,,,,,,,,,,,,,,,,,,,,,Orlando Robinson,"$1,764,727 ",,,
339,,,,,,,,,,,,,,,,,,,,,,,,,,,,,,,,Landry Shamet,"$1,682,008 ",,,
340,,,,,,,,,,,,,,,,,,,,,,,,,,,,,,,,Ryan Rollins,"$1,549,888 ",,,
341,,,,,,,,,,,,,,,,,,,,,,,,,,,,,,,,Jordan Miller,"$1,471,445 ",,,
341,,,,,,,,,,,,,,,,,,,,,,,,,,,,,,,,Karlo Matkovic,"$1,407,153 ",,,
341,,,,,,,,,,,,,,,,,,,,,,,,,,,,,,,,Jamison Battle,"$1,350,668 ",,,
342,,,,,,,,,,,,,,,,,,,,,,,,,,,,,,,,Moussa Diabate,"$1,314,865 ",,,
342,,,,,,,,,,,,,,,,,,,,,,,,,,,,,,,,Eric Bledsoe,"$1,300,000 ",,,
342,,,,,,,,,,,,,,,,,,,,,,,,,,,,,,,,EJ Liddell,"$1,285,475 ",,,
343,,,,,,,,,,,,,,,,,,,,,,,,,,,,,,,,Bismack Biyombo,"$1,253,154 ",,,
344,,,,,,,,,,,,,,,,,,,,,,,,,,,,,,,,Bobi Klintman,"$1,157,153 ",,,
345,,,,,,,,,,,,,,,,,,,,,,,,,,,,,,,,Cam Christie,"$1,157,153 ",,,
346,,,,,,,,,,,,,,,,,,,,,,,,,,,,,,,,Bronny James,"$1,157,153 ",,,
347,,,,,,,,,,,,,,,,,,,,,,,,,,,,,,,,Jaylen Wells,"$1,157,153 ",,,
348,,,,,,,,,,,,,,,,,,,,,,,,,,,,,,,,Pelle Larsson,"$1,157,153 ",,,
349,,,,,,,,,,,,,,,,,,,,,,,,,,,,,,,,Tyler Smith,"$1,157,153 ",,,
350,,,,,,,,,,,,,,,,,,,,,,,,,,,,,,,,Antonio Reeves,"$1,157,153 ",,,
351,,,,,,,,,,,,,,,,,,,,,,,,,,,,,,,,Adem Bona,"$1,157,153 ",,,
352,,,,,,,,,,,,,,,,,,,,,,,,,,,,,,,,Jared Butler,"$1,115,697 ",,,
353,,,,,,,,,,,,,,,,,,,,,,,,,,,,,,,,Bruno Fernando,"$1,115,128 ",,,
354,,,,,,,,,,,,,,,,,,,,,,,,,,,,,,,,Ariel Hukporti,"$1,112,306 ",,,
355,,,,,,,,,,,,,,,,,,,,,,,,,,,,,,,,Elfrid Payton,"$1,099,236 ",,,
356,,,,,,,,,,,,,,,,,,,,,,,,,,,,,,,,PJ Dozier,"$1,051,255 ",,,
357,,,,,,,,,,,,,,,,,,,,,,,,,,,,,,,,BJ Boston,"$1,005,158 ",,,
357,,,,,,,,,,,,,,,,,,,,,,,,,,,,,,,,Josh Primo,"$1,000,000 ",,,
357,,,,,,,,,,,,,,,,,,,,,,,,,,,,,,,,Markelle Fultz,"$981,902 ",,,
357,,,,,,,,,,,,,,,,,,,,,,,,,,,,,,,,Matt Ryan,"$978,541 ",,,
358,,,,,,,,,,,,,,,,,,,,,,,,,,,,,,,,Tyrese Martin,"$959,732 ",,,
359,,,,,,,,,,,,,,,,,,,,,,,,,,,,,,,,Colin Castleton,"$955,125 ",,,
360,,,,,,,,,,,,,,,,,,,,,,,,,,,,,,,,Jeenathan Williams,"$940,543 ",,,
361,,,,,,,,,,,,,,,,,,,,,,,,,,,,,,,,Keshad Johnson,"$937,214 ",,,
361,,,,,,,,,,,,,,,,,,,,,,,,,,,,,,,,Dominick Barlow,"$922,983 ",,,
361,,,,,,,,,,,,,,,,,,,,,,,,,,,,,,,,Jaylen Clark,"$907,334 ",,,
361,,,,,,,,,,,,,,,,,,,,,,,,,,,,,,,,Pat Spencer,"$869,906 ",,,
362,,,,,,,,,,,,,,,,,,,,,,,,,,,,,,,,Trey Jemison,"$864,902 ",,,
362,,,,,,,,,,,,,,,,,,,,,,,,,,,,,,,,Branden Carlson,"$795,038 ",,,
362,,,,,,,,,,,,,,,,,,,,,,,,,,,,,,,,Quinten Post,"$789,588 ",,,
363,,,,,,,,,,,,,,,,,,,,,,,,,,,,,,,,Justin Edwards,"$782,721 ",,,
364,,,,,,,,,,,,,,,,,,,,,,,,,,,,,,,,Lonnie Walker,"$780,932 ",,,
365,,,,,,,,,,,,,,,,,,,,,,,,,,,,,,,,Kai Jones,"$713,697 ",,,
366,,,,,,,,,,,,,,,,,,,,,,,,,,,,,,,,Jacob Toppin,"$710,480 ",,,
367,,,,,,,,,,,,,,,,,,,,,,,,,,,,,,,,Nik Stauskas,"$702,311 ",,,
367,,,,,,,,,,,,,,,,,,,,,,,,,,,,,,,,Lamar Stevens,"$668,735 ",,,
367,,,,,,,,,,,,,,,,,,,,,,,,,,,,,,,,Kevin Knox,"$660,790 ",,,
368,,,,,,,,,,,,,,,,,,,,,,,,,,,,,,,,Isaac Jones,"$641,962 ",,,
368,,,,,,,,,,,,,,,,,,,,,,,,,,,,,,,,Tony Bradley,"$635,312 ",,,
368,,,,,,,,,,,,,,,,,,,,,,,,,,,,,,,,Brandon Williams,"$598,120 ",,,
369,,,,,,,,,,,,,,,,,,,,,,,,,,,,,,,,KJ Simpson,"$578,577 ",,,
370,,,,,,,,,,,,,,,,,,,,,,,,,,,,,,,,Ulrich Chomche,"$578,577 ",,,
371,,,,,,,,,,,,,,,,,,,,,,,,,,,,,,,,Keaton Wallace,"$578,577 ",,,
372,,,,,,,,,,,,,,,,,,,,,,,,,,,,,,,,Drew Peterson,"$578,577 ",,,
373,,,,,,,,,,,,,,,,,,,,,,,,,,,,,,,,Reece Beekman,"$578,577 ",,,
374,,,,,,,,,,,,,,,,,,,,,,,,,,,,,,,,Adama Sanogo,"$578,577 ",,,
375,,,,,,,,,,,,,,,,,,,,,,,,,,,,,,,,Emoni Bates,"$578,577 ",,,
376,,,,,,,,,,,,,,,,,,,,,,,,,,,,,,,,Luke Travers,"$578,577 ",,,
377,,,,,,,,,,,,,,,,,,,,,,,,,,,,,,,,Kessler Edwards,"$578,577 ",,,
378,,,,,,,,,,,,,,,,,,,,,,,,,,,,,,,,Jazian Gortman,"$578,577 ",,,
379,,,,,,,,,,,,,,,,,,,,,,,,,,,,,,,,Trey Alexander,"$578,577 ",,,
380,,,,,,,,,,,,,,,,,,,,,,,,,,,,,,,,PJ Hall,"$578,577 ",,,
381,,,,,,,,,,,,,,,,,,,,,,,,,,,,,,,,Spencer Jones,"$578,577 ",,,
382,,,,,,,,,,,,,,,,,,,,,,,,,,,,,,,,Daniss Jenkins,"$578,577 ",,,
383,,,,,,,,,,,,,,,,,,,,,,,,,,,,,,,,N'Faly Dante,"$578,577 ",,,
384,,,,,,,,,,,,,,,,,,,,,,,,,,,,,,,,Jack McVeigh,"$578,577 ",,,
384,,,,,,,,,,,,,,,,,,,,,,,,,,,,,,,,Enrique Freeman,"$578,577 ",,,
384,,,,,,,,,,,,,,,,,,,,,,,,,,,,,,,,Quenton Jackson,"$578,577 ",,,
,,,,,,,,,,,,,,,,,,,,,,,,,,,,,,,,Trentyn Flowers,"$578,577 ",,,